DATE,TIME,DT,2DT,4DT,LON,CLASS,CPA,W,S,End Freq,F10.7obs,BURST TYPE,EVENT TYPE
1996/5/15,5:45,49,49,0,11.0059453,,293.0108565,275.6763285,1151.432854,0.5,164.7037844,2,0
1997/1/20,8:56,6,6,0,11.0059453,,281,72,175,12,76.8,2,0
1997/4/1,14:00,15,15,0,-16,-3.886056648,74,79,312,4,76.3,2,0
1997/4/7,14:30,180,180,0,-19,-4.167491087,360,360,878,1,76.8,2,0
1997/5/12,5:15,3525,3525,0,8,-4.886056648,360,360,464,0.08,72.2,2,0
1997/5/21,20:20,100,100,0,12,-3.886056648,263,165,296,0.5,84.8,2,0
1997/9/23,21:53,23,23,0,-25,-4.853871964,133,155,712,2,91.7,2,0
1997/11/3,5:15,405,405,0,13,-4.065501549,240,109,227,0.25,109.8,2,0
1997/11/3,10:30,60,60,0,21,-3.37675071,233,122,352,5,109.8,2,0
1997/11/4,6:00,1350,1350,0,33,-2.677780705,360,360,785,0.1,117.9,2,0
1997/11/4,6:40,280,280,0,33,-2.677780705,360,360,785,0.1,75.4,2,1
1997/11/6,12:20,1210,1210,0,63,-2.026872146,360,360,1556,0.0001,105.3,2,0
1997/11/6,12:29,25,0,25,63,-2.026872146,360,360,1556,0.0042,105.3,4,0
1997/11/6,12:30,865,865,30,63,-2.026872146,360,360,1556,0.1,74.5,2+4,1
1997/11/27,13:30,30,30,0,-63,-2.585026652,98,91,441,0.007,111.1,2,0
1997/12/12,22:45,35,35,0,52,-5.026872146,278,73,191,0.008,92.5,2,0
1997/12/12,22:44,20,0,20,52,-5.026872146,293.0108565,275.6763285,1151.432854,0.0054,92.5,4,0
1998/1/25,15:03,15,15,0,-25,-4.958607315,360,360,693,0.01,108.3,2,0
1998/3/29,3:40,12,12,0,11.0059453,,360,360,1397,0.007,100.3,2,0
1998/4/20,10:25,2615,2615,0,90,-3.853871964,284,165,1863,0.000035,97.7,2,0
1998/4/20,11:15,1495,1495,0,90,-3.853871964,284,243,1863,0.035,76.8,2,1
1998/4/20,14:00,1325,1325,0,90,-3.853871964,284,243,1863,0.0001,97.7,2,1
1998/4/23,6:00,570,570,0,-90,-2.920818754,360,360,1691,0.0002,90.2,2,0
1998/4/24,9:17,8,8,0,-90,-4.050609993,100,84,1184,0.0026,90.6,2,0
1998/4/27,9:20,40,40,0,-50,-3,360,360,1385,0.001,91.4,2,0
1998/4/29,16:30,30,30,0,-20,-3.167491087,360,360,1374,0.002,100.5,2,0
1998/4/29,17:00,83,0,83,-20,-3.167491087,360,360,1374,0.0081,100.5,4,0
1998/5/1,23:15,55,0,55,5,,120,360,585,0.0108,113.4,4,0
1998/5/2,14:25,25,25,0,15,,360,360,938,0.003,117,2,0
1998/5/2,5:31,90,0,90,7,-2.958607315,360,360,542,0.0072,117,4,0
1998/5/2,14:06,107,0,107,15,-2.958607315,360,360,938,0.0063,117,4,0
1998/5/2,14:00,170,170,100,15,-2.958607315,360,360,938,3,74.6,2+4,1
1998/5/2,14:20,150,150,130,15,-2.958607315,360,360,938,0.0001,117,2+4,1
1998/5/3,22:02,138,0,138,34,,317,194,649,0.0067,117.4,4,0
1998/5/6,8:23,12,12,0,65,-2.568636236,309,190,1099,0.005,130.1,2,0
1998/5/6,8:25,80,80,0,65,-2.568636236,309,190,1099,3,80.7,2,1
1998/5/6,8:45,60,60,0,65,-2.568636236,328,190,1099,0.0001,113.4,2,1
1998/5/9,3:35,385,385,0,89,-3.113509275,262,178,2331,0.0004,110.7,2,0
1998/5/9,6:20,1005,1005,0,89,-3.113509275,262,178,2331,0.4,75.7,2,1
1998/5/11,21:40,20,20,0,90,-5.180456064,208,301,830,0.001,108,2,0
1998/5/19,10:00,90,90,0,43,-5.244125144,268,139,801,0.003,99.2,2,0
1998/5/27,13:30,50,50,0,62,-4.124938737,175,268,878,0.001,94,2,0
1998/6/11,10:15,5,5,0,-86,-3.853871964,123,177,1223,0.004,112.4,2,0
1998/6/16,18:20,1600,1600,0,90,-4,341,281,1484,0.00005,104,2,0
1998/6/20,19:39,21,21,0,11.0059453,,360,360,964,0.0018,101.1,2,0
1998/6/22,7:15,125,125,0,46,-4.537602002,265,59,206,0.002,100.5,2,0
1998/7/8,1:30,30,30,0,11.0059453,,293.0108565,275.6763285,1151.432854,0.006,112.4,2,0
1998/8/18,23:00,40,40,0,-87,-2.30980392,293.0108565,275.6763285,1151.432854,0.002,132.6,2,0
1998/8/24,22:05,1935,1935,0,-9,-3,293.0108565,275.6763285,1151.432854,0.00003,121.2,2,0
1998/8/24,23:10,2145,2145,0,-9,-3,310.7073171,328.4891304,1530.568306,0.03,72.9,2,1
1998/8/31,15:37,48,48,0,69,-3.823908741,293.0108565,275.6763285,1151.432854,0.0015,178.5,2,0
1998/9/20,4:00,45,45,0,11.0059453,-3.744727495,293.0108565,275.6763285,1151.432854,0.002,132.1,2,0
1998/9/20,8:50,40,40,0,11.0059453,,293.0108565,275.6763285,1151.432854,0.0015,132.1,2,0
1998/9/23,7:20,2400,2400,0,-9,-3.148741651,293.0108565,275.6763285,1151.432854,0.00003,143.2,2,0
1998/9/23,14:20,2110,2110,0,-9,-3.148741651,310.7073171,328.4891304,1530.568306,0.02,74.6,2,1
1998/9/30,13:20,2500,2500,0,11.0059453,,293.0108565,275.6763285,1151.432854,0.00005,121.5,2,0
1998/9/30,14:20,605,605,0,81,-3.552841969,310.7073171,328.4891304,1530.568306,0.05,74.1,2,1
1998/9/30,15:20,545,545,0,81,,,,,0.0002,121.5,2,1
1998/11/2,14:00,40,40,0,-44,-4.356547324,116,169,661,0.004,126.1,2,0
1998/11/5,22:00,2040,2040,0,18,-3.075720714,360,360,1118,0.00005,152.7,2,0
1998/11/6,3:00,150,150,0,8,,159,160,405,0.001,140.9,2,0
1998/11/7,0:20,30,30,0,11.0059453,,296,19,381,0.006,148.5,2,0
1998/11/7,22:25,260,260,0,36.23157895,-3.168683297,310.7073171,328.4891304,1530.568306,0.85868323,74,2,1
1998/11/8,11:20,10,10,0,37,-4.229147988,264,196,559,0.008,152.7,2,0
1998/11/8,2:45,15,15,0,,,123,,,0.02,152.7,2,1
1998/11/14,6:30,375,375,0,90,-4.886056648,310.7073171,328.4891304,1530.568306,0.85868323,74.1,2,1
1998/11/14,8:10,270,270,0,90,,,,,0.018,126.5,2,1
1998/12/18,17:50,25,25,0,-64,-3.096910013,360,360,1749,0.005,154.7,2,0
1999/1/11,22:03,10,10,0,11.0059453,-4.886056648,293.0108565,275.6763285,1151.432854,0.0032,111.9,2,0
1999/1/20,19:18,28,28,0,11.0059453,-3.283996656,293.0108565,275.6763285,1151.432854,0.002,238.8,2,0
1999/1/20,22:50,3663,3663,0,-90,-3.283996656,310.7073171,328.4891304,1530.568306,2,74.3,2,1
1999/4/24,13:50,610,610,0,90,,360,360,1495,0.0001,100.9,2,0
1999/4/24,15:30,565,565,0,90,-3.168683297,310.7073171,360,1495,0.1,74.1,2,1
1999/5/3,5:50,175,175,0,-32,-3.356547324,360,360,1584,0.0002,127.1,2,0
1999/5/4,3:00,2455,2455,0,-32,-3.356547324,280,360,1584,0.2,75.7,2,1
1999/5/5,18:20,95,95,0,32,-3.356547324,85,360,1584,0.0002,140.9,2,1
1999/5/27,10:55,1385,1385,0,90,,360,360,1691,0.00007,155.2,2,0
1999/5/27,11:06,54,0,54,90,,360,360,1691,0.008,155.2,4,0
1999/6/1,18:50,850,850,0,90,,360,360,1772,0.0004,176.2,2,0
1999/6/1,21:00,790,790,0,90,-3.168683297,310.7073171,360,1772,0.4,71.5,2,1
1999/6/4,7:05,1075,1075,0,69,-3.408935393,289,150,2230,0.00006,170.9,2,0
1999/6/4,8:30,145,145,0,69,-3.408935393,289,150,2230,0.06,70.6,2,1
1999/6/4,9:25,90,90,0,69,-3.408935393,268,150,2230,0.0002,170.9,2,1
1999/6/11,11:45,315,315,0,-97,-4.055517328,35,181,1569,0.0004,164.7,2,0
1999/6/11,11:43,47,0,47,11.0059453,-4.055517328,35,181,1569,0.0072,164.7,4,0
1999/6/22,18:25,15,15,0,-37,-3.769551079,360,360,1133,0.002,161.6,2,0
1999/6/23,5:50,80,80,0,90,,264,154,450,0.002,167.5,2,0
1999/6/23,7:07,7,7,0,-42,-3.769551079,360,360,1006,0.002,167.5,2,0
1999/6/28,21:03,7,7,0,44,-4.455931956,336,184,903,0.0015,196.6,2,0
1999/6/29,19:20,35,35,0,-1,-3.795880017,360,360,560,0.002,191.3,2,0
1999/7/5,3:10,55,55,0,90,-4.119186408,284,190,670,0.001,174.2,2,0
1999/8/28,18:25,8,8,0,14,-2.958607315,120,245,462,0.012,248.4,2,0
1999/9/3,3:00,70,70,0,24,-4.677780705,184,175,512,0.001,139.3,2,0
1999/9/10,7:30,5,5,0,90,,18,125,1467,0.002,122,2,0
1999/10/14,9:10,50,50,0,-32,-2.744727495,360,360,1250,0.004,199.8,2,0
1999/10/17,23:27,6,6,0,-38,,40,87,247,0.01,178,2,0
1999/11/16,3:27,21,21,0,-38,-3.420216403,81,98,636,0.004,233.4,2,0
1999/11/16,5:17,17,17,0,39,-3.744727495,285,129,712,0.007,233.4,2,0
2000/1/18,17:31,269,269,0,-11,-3.408935393,360,360,739,0.0005,194.6,2,0
2000/1/28,20:20,4,4,0,17,-4.327902142,360,360,1177,0.0011,152,2,0
2000/2/5,19:34,4,4,0,-52,-2.920818754,60,76,632,0.0029,167.8,2,0
2000/2/8,9:05,3915,3915,0,-26,-3.886056648,360,360,1079,0.00002,173.6,2,0
2000/2/10,1:55,5,5,0,-4,-4.13667714,360,360,944,0.008,175.7,2,0
2000/2/12,3:55,325,325,0,23,-3.769551079,360,360,1107,0.0004,163.2,2,0
2000/2/17,20:42,1530,1530,0,-7,-3.886056648,360,360,728,0.0001,168.4,2,0
2000/2/18,9:38,16,16,0,90,-4.958607315,286,118,890,0.0012,141.1,2,0
2000/2/18,10:05,130,130,0,90,-3.168683297,286,118,890,1.2,75,2,1
2000/3/2,13:50,13,13,0,58,-3.187086643,235,76,835,0.006,213.2,2,0
2000/3/7,16:24,24,24,0,-77,-3.920818754,120,108,644,0.0045,221.8,2,0
2000/3/20,2:57,85,0,85,-35,,293.0108565,275.6763285,1151.432854,0.0056,210.3,4,0
2000/3/27,6:56,2,2,0,-90,-4.638272164,129,90,487,0.01,204.9,2,0
2000/4/4,15:45,15,15,0,66,-4.013228266,360,360,1188,0.009,206.7,2,0
2000/4/4,17:00,1050,1050,0,66,-4.013228266,360,360,1188,9,70.7,2,1
2000/4/9,23:15,30,30,0,1,-3.508638306,360,360,409,0.001,176.3,2,0
2000/4/18,15:00,60,60,0,26,,195,105,668,0.006,160.4,2,0
2000/5/4,11:10,110,110,0,87,-3.167491087,235,170,1404,0.001,134.5,2,0
2000/5/5,16:35,55,55,0,87,-3.823908741,360,360,1594,0.0025,129.8,2,0
2000/5/7,21:15,165,165,0,90,,360,360,1781,0.0005,130.9,2,0
2000/5/12,23:34,8,8,0,0,,360,360,2604,0.007,190.4,2,0
2000/5/15,16:47,1273,1273,0,67,-4.107905397,257,165,1212,0.00004,244.4,2,0
2000/5/22,17:00,17,0,17,38,,360,360,980,0.0094,214.9,4,0
2000/6/2,22:00,15,15,0,-60,-3.119186408,69,104,547,0.008,187.2,2,0
2000/6/6,15:20,2500,2500,0,-18,-2.638272164,360,360,1119,0.00004,186.4,2,0
2000/6/6,8:54,44,0,44,-71,-2.638272164,112,113,1151.432854,0.0062,186.4,4,0
2000/6/6,22:20,1400,1400,1512,-18,-2.638272164,354,360,1119,0.04,71.1,2+4,1
2000/6/10,17:15,90,90,0,38,-3.283996656,360,360,1108,0.001,179.6,2,0
2000/6/10,17:40,185,185,0,38,-3.283996656,360,360,1108,1,72.1,2,1
2000/6/10,18:05,160,160,0,38,-3.283996656,360,360,1108,0.00002,179.6,2,1
2000/6/15,19:52,4,4,0,65,-3.744727495,298,116,1081,0.0025,202.4,2,0
2000/6/17,3:00,75,75,0,72,-3.455931956,298,133,857,0.001,193.1,2,0
2000/6/23,14:40,25,25,0,72,-3.522878745,282,198,847,0.002,175.2,2,0
2000/6/25,8:10,50,50,0,55,-3.721246399,262,165,1617,0.0025,175.1,2,0
2000/7/10,22:00,90,90,0,-49,-3.244125144,67,289,1352,0.001,244.5,2,0
2000/7/10,1:42,120,0,120,26,-3.244125144,360,360,649,0.0074,244.5,4,0
2000/7/11,13:00,30,30,0,-27,-3,360,360,1078,0.001,241.6,2,0
2000/7/12,20:05,30,30,0,61,-3.823908741,281,101,820,0.001,314.6,2,0
2000/7/14,10:30,1680,1680,0,7,-2.244125144,360,360,1674,0.00008,203.9,2,0
2000/7/14,10:35,1435,1435,0,7,-2.244125144,360,360,1674,0.08,72.8,2,1
2000/7/14,10:45,1545,1545,0,7,-2.244125144,360,360,1674,0.0001,203.9,2,1
2000/7/22,11:45,60,60,0,56,-3.431798276,259,229,1230,0.002,251,2,0
2000/7/22,12:25,1540,1540,0,56,-3.431798276,259,105,1230,2,79.1,2,1
2000/7/22,13:20,45,45,0,56,-3.431798276,356,105,1230,0.00015,251,2,1
2000/7/28,1:45,215,215,0,36.23157895,-3.168683297,310.7073171,360,905,0.85868323,76.2,2,1
2000/8/11,11:35,24,24,0,90,,273,70,1071,0.002,187.3,2,0
2000/8/11,14:30,145,145,0,36.23157895,-3.168683297,310.7073171,328.4891304,1530.568306,0.85868323,76.9,2,1
2000/9/12,12:00,1460,1460,0,6,,360,360,1550,0.00006,132.6,2,0
2000/9/12,18:15,45,45,0,-90,,360,360,1053,0.001,132.6,2,0
2000/9/12,13:50,710,710,0,6,-4,360,360,1550,0.06,79.9,2,1
2000/9/12,15:55,705,705,0,6,-4,360,360,1550,0.0001,132.6,2,1
2000/9/16,4:30,360,360,0,7,-3.229147988,360,360,1215,0.0004,174.6,2,0
2000/9/19,8:45,95,95,0,46,-3.292429824,283,76,766,0.0015,207.1,2,0
2000/9/25,2:20,40,40,0,18,-3.744727495,360,360,587,0.001,225.6,2,0
2000/10/16,7:10,50,50,0,90,-3.602059991,360,360,1336,0.001,160.9,2,0
2000/10/16,8:10,630,630,0,90,-3.602059991,360,360,1336,1,76.9,2,1
2000/10/16,11:25,435,435,0,90,-3.602059991,360,360,1336,0.0001,160.9,2,1
2000/10/25,9:30,870,870,0,63,-4.397940009,360,360,770,0.0003,164,2,0
2000/10/25,13:35,845,845,0,63,-4.397940009,360,360,770,0.3,73.9,2,1
2000/10/29,15:43,17,0,17,-18,,360,90,1119,0.0074,187.1,4,0
2000/11/3,18:35,10,10,0,2,-4.494850022,360,360,291,0.0025,198.8,2,0
2000/11/8,23:20,760,760,0,77,-3.13076828,271,170,1738,0.0002,172.8,2,0
2000/11/8,23:35,44520,44520,0,77,-3.13076828,271,170,1738,0.2,73.1,2,1
2000/11/8,23:50,965,965,0,77,-3.13076828,271,170,1738,0.0001,172.8,2,1
2000/11/9,16:15,2145,2145,0,-10,-4,293.0108565,275.6763285,1151.432854,0.00004,166.2,2,0
2000/11/12,14:25,15,15,0,-5,-4.356547324,257,50,581,0.002,146.6,2,0
2000/11/23,8:16,19,19,0,40,-4.26760624,360,360,492,0.009,205.3,2,0
2000/11/23,21:00,6,6,0,-60,-4.102372909,124,148,1198,0.003,205.3,2,0
2000/11/24,5:10,590,590,0,5,-2.698970004,360,360,1289,0.0001,197.1,2,0
2000/11/24,15:25,395,395,0,7,-2.638272164,360,360,1245,0.0002,197.1,2,0
2000/11/24,22:24,12,12,0,14,-2.744727495,360,360,1005,0.003,197.1,2,0
2000/11/24,15:15,365,365,0,7,-2.638272164,360,360,1245,0.2,72.1,2,1
2000/11/24,15:25,1181.871658,1181.871658,0,7,-3.168683297,360,360,1245,0.85868323,72.1,2,1
2000/11/24,22:24,1181.871658,1181.871658,0,14,-3.168683297,360,360,1005,0.85868323,72.1,2,1
2000/11/24,15:20,3190,3190,0,7,-2.638272164,360,360,1245,0.0002,19701,2,1
2000/11/25,1:25,60,60,0,-50,-3.086186148,360,360,2519,0.003,282.1,2,0
2000/11/25,19:00,35,35,0,23,-2.721246399,360,360,671,0.002,282.1,2,0
2000/11/25,19:55,30,30,0,27,,345,59,388,0.004,282.1,2,0
2000/11/26,17:00,15,15,0,38,-2.397940009,360,360,980,0.007,202.4,2,0
2000/11/26,17:00,17,0,17,38,-2.397940009,360,360,980,0.0094,202.4,4,0
2000/11/26,17:00,1181.871658,1181.871658,1100,38,-3.168683297,360,360,980,0.85868323,71.8,2+4,1
2000/11/26,1:00,1170,1170,1250,36.23157895,-3.168683297,310.7073171,328.4891304,1530.568306,0.85868323,71.8,2+4,1
2000/12/28,12:40,58,58,0,11.0059453,,360,360,930,0.0019,185.4,2,0
2001/1/20,19:12,4,4,0,-40,-3.920818754,360,360,839,0.006,153.2,2,0
2001/1/20,21:30,150,150,0,-46,-3.113509275,360,360,1507,0.0005,153.2,2,0
2001/1/26,12:06,134,134,0,57,-4.795880017,276,176,928,0.0004,165.6,2,0
2001/1/28,15:45,75,75,0,59,-3.823908741,360,360,916,0.0002,167.6,2,0
2001/1/28,17:15,760,760,0,59,-3.823908741,360,250,916,0.2,69.7,2,1
2001/1/28,20:25,630,630,0,59,-3.823908741,258,250,916,0.018,167.6,2,1
2001/2/11,1:40,15,15,0,57,-4.187086643,360,360,1183,0.0055,151.3,2,0
2001/3/10,4:18,14,14,0,42,-3.173925197,297,81,819,0.004,160.1,2,0
2001/3/12,5:35,10,10,0,11.0059453,,233,48,829,0.0015,157.6,2,0
2001/3/27,2:35,40,40,0,-17,-4.13667714,154,60,300,0.001,273.4,2,0
2001/3/27,15:00,20,20,0,-14,-4.251811973,46,66,340,0.0015,273.4,2,0
2001/3/29,10:12,1188,1188,0,19,-2.769551079,360,360,942,0.00006,261.7,2,0
2001/3/29,6:30,115,0,115,81,-2.769551079,360,360,1405,0.0104,261.7,4,0
2001/3/29,12:15,835,835,798,19,-2.769551079,360,360,942,0.06,67.4,2+4,1
2001/4/2,11:30,30,30,0,70,-2.958607315,270,80,992,0.005,228,2,0
2001/4/2,22:05,265,265,0,72,-2.958607315,261,244,2505,0.00025,228,2,0
2001/4/2,11:30,14,0,14,-8,-1.698970004,360,360,973,0.0034,228,4,0
2001/4/2,23:10,515,515,497,72,-1.698970004,261,244,2505,0.25,69.2,2+4,1
2001/4/3,3:40,225,225,0,-83,-2.920818754,108,292,1613,0.0004,223.1,2,0
2001/4/4,9:50,20,20,0,-68,-3.795880017,86,89,1065,0.003,204.8,2,0
2001/4/4,10:31,71,0,71,19,-3.795880017,293.0108565,360,942,0.0023,204.8,4,0
2001/4/5,9:14,20,20,0,85,-3.075720714,283,205,1750,0.0075,398.7,2,0
2001/4/5,5:50,62,0,62,9,-3.075720714,360,360,2411,0.0106,398.7,4,0
2001/4/6,19:35,375,375,0,-31,-2.251811973,360,360,1270,0.00023,563.5,2,0
2001/4/9,15:53,547,547,0,4,-3.102372909,360,360,1192,0.0001,164.8,2,0
2001/4/10,5:24,1116,1116,0,9,-2.638272164,360,360,2411,0.0001,169.7,2,0
2001/4/10,13:45,143,0,143,27,-2.638272164,360,360,1103,0.0077,169.7,4,0
2001/4/10,8:15,1600,1600,1632,9,-2.638272164,360,360,2411,0.1,76.6,2+4,1
2001/4/11,13:15,60,60,0,27,-3.638272164,360,360,1103,0.0015,159.6,2,0
2001/4/11,12:02,54,0,54,70,-3.638272164,257,80,992,0.008,159.6,4,0
2001/4/12,10:36,4,4,0,43,-2.698970004,360,360,1184,0.007,149,2,0
2001/4/12,11:40,380,380,0,43,-2.698970004,360,360,1184,7,70.4,2,1
2001/4/15,14:05,1375,1375,0,85,-1.853871964,245,167,1199,0.00004,134.2,2,0
2001/4/15,14:00,320,320,0,85,-1.853871964,245,167,1199,0.04,70.8,2,1
2001/4/18,2:55,665,665,0,90,-4.657577319,360,360,2465,0.0001,131.8,2,0
2001/4/18,3:00,465,465,0,90,-3.168683297,360,360,2465,0.1,72.7,2,1
2001/4/26,12:40,2420,2420,0,5,-3.823908741,360,360,1006,0.00002,196.2,2,0
2001/4/27,1:05,955,955,0,5,-3.769551079,263,360,1006,0.02,77.9,2,1
2001/4/28,4:30,30,30,0,5,-3.769551079,276,360,1006,0.0001,187.8,2,1
2001/5/7,12:00,110,110,0,90,,286,205,1223,0.00028,138.3,2,0
2001/5/7,14:00,1195,1195,0,90,-3.168683297,310.7073171,205,1223,0.28,78.1,2,1
2001/5/7,19:15,760,760,0,90,,71,205,1223,0.0001,138.3,2,1
2001/5/12,23:52,20,20,0,0,-3.522878745,190,132,527,0.001,138.1,2,0
2001/5/30,0:25,73,73,0,-90,,70,216,2087,0.001,132.3,2,0
2001/6/15,10:50,25,25,0,-41,-3.200659451,185,119,1090,0.003,196.9,2,0
2001/6/15,16:05,15,15,0,90,,360,360,1701,0.0035,196.9,2,0
2001/6/15,10:50,1181.871658,1181.871658,0,-41,-3.168683297,185,119,1090,3,79.5,2,1
2001/6/15,16:25,460,460,0,90,-3.168683297,310.7073171,360,1701,3.5,79.5,2,1
2001/8/9,19:30,1045,1045,0,14,-3.168683297,310.7073171,175,479,0.85868323,75.8,2,1
2001/8/10,10:20,95,95,0,14,,259,175,479,0.025,160.3,2,1
2001/8/16,0:10,960,960,0,11.0059453,,360,360,1575,0.00015,142.6,2,0
2001/8/16,0:45,190,190,0,36.23157895,-3.168683297,310.7073171,360,1575,0.15,74.6,2,1
2001/8/25,16:50,370,370,0,-34,-2.27572413,360,360,1433,0.00017,199,2,0
2001/8/30,20:43,4,4,0,-44,-3.522878745,82,76,351,0.01,199.2,2,0
2001/9/3,18:48,12,12,0,-90,-3.602059991,127,207,1352,0.0075,198.7,2,0
2001/9/15,11:50,15,15,0,49,-3.823908741,263,130,478,0.006,219.3,2,0
2001/9/15,12:05,170,170,0,49,-3.823908741,263,130,478,6,82,2,1
2001/9/16,13:50,20,20,0,-15,-4.050609993,131,68,584,0.002,207.1,2,0
2001/9/17,8:35,12,12,0,-4,-3.823908741,198,166,1009,0.0054,199.1,2,0
2001/9/17,9:54,38,0,38,-68,-3.823908741,86,89,1065,0.0059,199.1,4,0
2001/9/20,18:43,14,14,0,11,-3.823908741,306,207,446,0.01,226.8,2,0
2001/9/24,10:45,1995,1995,0,-23,-2.585026652,360,360,2402,0.00003,279.3,2,0
2001/9/24,9:11,37,0,37,85,-2.585026652,283,205,1750,0.009,279.3,4,0
2001/9/24,11:40,1555,1555,1239,-23,-2.585026652,360,360,2402,0.03,96.4,2+4,1
2001/9/27,8:15,1365,1365,0,40,-4.022276395,224,138,669,0.00008,269.5,2,0
2001/10/1,6:51,699,699,0,81,-3.040958608,360,360,1405,0.00015,216.5,2,0
2001/10/1,8:39,11,0,11,-4,-3.040958608,198,166,1009,0.0072,216.5,4,0
2001/10/1,12:15,1195,1195,1250,81,-3.040958608,208,360,1405,0.15,93,2+4,1
2001/10/1,11:45,1225,1225,1000,23,-3.040958608,208,360,1405,0.0002,216.5,2+4,1
2001/10/5,11:35,80,80,0,90,,360,360,1537,0.0005,176.9,2,0
2001/10/9,11:15,285,285,0,-8,-3.853871964,360,360,973,0.0002,176.4,2,0
2001/10/9,13:10,590,590,0,11.0059453,-3.853871964,293.0108565,275.6763285,1151.432854,0.00005,176.4,2,0
2001/10/9,10:51,62,0,62,-23,,360,360,2402,0.0088,176.4,4,0
2001/10/19,1:15,70,70,0,18,-2.795880017,360,360,558,0.0013,247.6,2,0
2001/10/19,16:45,2875,2875,0,29,-2.795880017,360,360,901,0.00003,247.6,2,0
2001/10/19,18:00,270,270,0,29,-2.795880017,360,360,901,0.03,109,2,1
2001/10/19,22:25,10,10,0,29,-2.795880017,272,360,901,0.025,247.6,2,1
2001/10/22,15:15,145,145,0,-18,-3.173925197,360,360,1336,0.0012,232.7,2,0
2001/10/22,16:45,285,285,0,-18,-3.173925197,360,360,1336,1.2,95.4,2,1
2001/10/25,15:30,3330,3330,0,21,-2.886056648,360,360,1092,0.00003,238.9,2,0
2001/11/4,16:30,2550,2550,0,18,-3,360,360,1810,0.00007,227.3,2,0
2001/11/4,16:40,1295,1295,0,18,-3,360,360,1810,0.07,88.4,2,1
2001/11/17,5:35,65,65,0,-42,-3.552841969,360,360,1379,0.0017,198.5,2,0
2001/11/17,8:50,3040,3040,0,-42,-3.552841969,354,360,1379,1.7,85.2,2,1
2001/11/19,12:30,700,700,0,42,-3.552841969,302,360,1379,0.0001,191.3,2,1
2001/11/22,20:50,93,93,0,67,-3.420216403,360,360,1443,0.001,282.5,2,0
2001/11/22,22:40,1670,1670,0,36,-3.004364805,360,360,1437,0.00004,282.5,2,0
2001/11/22,21:15,220,220,0,67,-3.420216403,360,360,1443,1,92.9,2,1
2001/11/22,3:20,3035,3035,0,18,-3.173925197,226,360,1336,0.057,282.5,2,1
2001/11/23,1:05,775,775,0,36,-3.004364805,197,360,1437,0.04,87.2,2,1
2001/12/11,12:45,255,255,0,26,,263,121,891,0.00075,220.6,2,0
2001/12/25,11:25,75,75,0,-90,,360,360,1773,0.001,258.8,2,0
2001/12/26,5:20,1420,1420,0,54,-3.148741651,281,212,1446,0.00015,267.8,2,0
2001/12/26,5:50,325,325,0,54,-3.148741651,281,212,1446,0.15,87.1,2,1
2001/12/26,6:05,310,310,0,54,-3.148741651,281,212,1446,0.057,174.8,2,1
2001/12/28,20:35,385,385,0,-90,-2.468521083,360,360,2216,0.00035,655.6,2,0
2001/12/29,20:45,20,20,0,88,-3.744727495,297,211,819,0.0015,264.4,2,0
2001/12/29,1:50,385,385,0,-90,-2.468521083,360,360,2216,0.35,84.4,2,1
2001/12/30,21:25,1255,1255,0,36.23157895,-3.168683297,310.7073171,328.4891304,1530.568306,0.85868323,83.5,2,1
2002/1/8,18:30,1770,1770,0,-90,,360,360,1794,0.00009,199.2,2,0
2002/1/10,8:40,1010,1010,0,-90,-3.168683297,310.7073171,360,1794,0.09,83.5,2,1
2002/1/10,20:45,525,525,0,90,,121,360,1794,0.00025,224.6,2,1
2002/1/14,6:25,905,905,0,83,-3.356547324,360,360,1492,0.0001,229,2,0
2002/1/15,5:35,865,865,0,83,-3.356547324,360,360,1492,0.1,88.7,2,1
2002/1/27,12:49,36,36,0,90,,360,360,1136,0.003,248,2,0
2002/2/1,19:23,8,8,0,7,,350,89,448,0.011,245.6,2,0
2002/2/20,6:45,70,70,0,72,-3.292429824,360,360,952,0.85868323,86.9,2,1
2002/2/20,7:30,25,25,0,72,-3.292429824,360,360,952,0.057,193.4,2,1
2002/2/21,12:35,15,15,0,79,-3.408935393,275,108,358,0.0015,201.1,2,0
2002/3/11,0:00,15,15,0,-90,-3.638272164,360,360,1429,0.008,182.3,2,0
2002/3/12,0:00,140,140,0,-45,-3.301029996,360,360,950,0.0022,178.4,2,0
2002/3/15,22:45,45,45,0,3,-3.657577319,360,360,957,0.006,175.9,2,0
2002/3/16,8:25,1465,1465,0,3,-3.657577319,224,360,957,6,85,2,1
2002/3/17,6:00,35,35,0,-24,-4.508638306,141,56,658,0.001,184.4,2,0
2002/3/17,8:20,30,30,0,3,-3.657577319,74,360,957,0.000057,184.4,2,1
2002/3/18,2:55,160,160,0,30,-4,360,360,989,0.001,178.1,2,0
2002/3/18,6:45,1455,1455,0,30,-4,360,360,989,1,78.6,2,1
2002/3/18,13:00,1070,1070,0,30,-4,233,360,989,0.0001,178.1,2,1
2002/3/20,13:20,125,125,0,36.23157895,-3.795880017,310.7073171,328.4891304,1530.568306,0.85868323,84.4,2,1
2002/3/20,15:10,15,15,0,,,229,,,0,187.8,2,1
2002/3/22,11:30,70,70,0,90,-3.795880017,360,360,1750,0.0005,171.6,2,0
2002/3/22,13:10,25,25,0,90,-3.795880017,243,120,875,0.002,171.6,2,0
2002/3/22,11:30,1181.871658,1181.871658,0,90,-3.168683297,360,360,1750,0.85868323,87.2,2,1
2002/3/22,13:50,1410,1410,0,90,-3.585026652,243,360,1750,0.5,87.2,2,1
2002/4/10,12:59,3,3,0,14,-3.086186148,340,159,650,0.012,194.3,2,0
2002/4/14,7:50,20,20,0,57,-4.017728767,323,76,757,0.008,210.3,2,0
2002/4/15,3:35,40,40,0,1,-3.920818754,360,360,720,0.0015,203.3,2,0
2002/4/17,8:30,2610,2610,0,34,-3.585026652,360,360,1240,0.00004,193.5,2,0
2002/4/17,8:54,158,0,158,34,-3.585026652,360,360,1240,0.0074,193.5,4,0
2002/4/17,11:35,245,245,220,34,-2.823908741,115,360,1240,0.04,113.8,2+4,1
2002/4/21,1:30,1350,1350,0,84,-2.823908741,360,360,2393,0.00006,173.4,2,0
2002/4/21,1:45,1295,1295,0,84,-4.301029996,360,360,2393,0.06,89.6,2,1
2002/4/21,2:25,1255,1255,0,84,-2.823908741,360,360,2393,0.057,207,2,1
2002/4/30,14:15,8,8,0,-77,-4.494850022,92,90,618,0.0025,153.4,2,0
2002/4/30,22:30,50,50,0,90,,254,199,1103,0.0005,153.4,2,0
2002/5/2,23:50,20,20,0,-90,,119,99,902,0.0009,169,2,0
2002/5/16,1:50,100,100,0,-1,-4.346787486,360,360,600,0.002,158.4,2,0
2002/5/16,3:00,175,0,175,-15,-4.346787486,252,275.6763285,600,0.0055,158.4,4,0
2002/5/22,0:00,30,30,0,64,-4.013228266,230,186,1246,0.008,181.1,2,0
2002/5/22,7:10,1665,1665,0,34,-4,270,360,1557,0.85868323,96.2,2,1
2002/5/27,12:50,60,60,0,-18,-4.431798276,49,161,1106,0.005,186.7,2,0
2002/7/7,11:35,505,505,0,90,-4,277,228,1423,0.0002,136.9,2,0
2002/7/7,12:45,430,430,0,90,-3.744727495,277,228,1423,0.2,99.1,2,1
2002/7/7,18:30,85,85,0,1,-4,199,228,1423,0.0002,136.9,2,1
2002/7/9,19:46,54,54,0,90,,360,360,1076,0.00065,136.3,2,0
2002/7/15,21:15,465,465,0,1,-3.744727495,14,188,1300,0.000175,323.6,2,0
2002/7/16,10:15,1725,1725,0,1,-3.168683297,14,188,1300,0.175,103.3,2,1
2002/7/16,17:50,1330,1330,0,1,-3.744727495,360,188,1300,0.00002,171.5,2,1
2002/7/17,7:30,15,15,0,17,-3.070581074,36,177,716,0.002,180,2,0
2002/7/18,7:55,50,50,0,30,-2.744727495,360,360,1099,0.0015,180.7,2,0
2002/7/18,20:55,45,45,0,-90,-4.48148606,360,360,2191,0.003,180.7,2,0
2002/7/19,16:40,30,30,0,-90,,360,360,2047,0.001,182.3,2,0
2002/7/19,8:20,110,110,0,36.23157895,-2.48148606,310.7073171,328.4891304,1530.568306,0.85868323,112.1,2,1
2002/7/19,10:50,265,265,0,,,136,,,0,182.3,2,1
2002/7/20,21:30,50,50,0,-90,-2.48148606,360,360,1941,0.002,184.8,2,0
2002/7/21,3:20,3185,3185,0,-90,-3.638272164,139,360,1941,2,112.2,2,1
2002/7/23,0:50,190,190,0,-72,-2.318758763,360,360,2285,0.0004,198.3,2,0
2002/7/26,22:27,63,63,0,-26,-3.060480747,360,360,818,0.002,241.5,2,0
2002/7/26,22:42,94,0,94,-26,-3.060480747,360,360,818,0.0049,241.5,4,0
2002/7/29,12:10,35,35,0,33,,13,236,562,0.0013,234,2,0
2002/8/3,19:20,70,70,0,76,-3,259,138,1150,0.002,167.8,2,0
2002/8/14,2:20,1300,1300,0,54,-3.638272164,297,133,1309,0.00003,208.1,2,0
2002/8/14,2:50,810,810,0,54,-3.26760624,297,133,1309,0.03,96.7,2,1
2002/8/14,9:00,440,440,0,54,-3.638272164,144,133,1309,0.00002,208.1,2,1
2002/8/16,6:15,195,195,0,83,-3.619788758,293,162,1378,0.0003,213.8,2,0
2002/8/16,12:20,1960,1960,0,-20,-3.283996656,360,360,1585,0.00006,213.8,2,0
2002/8/16,12:30,200,0,200,-20,-3.283996656,360,360,1585,0.0065,213.8,4,0
2002/8/18,21:54,210,0,210,19,,203,140,682,0.0073,241,4,0
2002/8/22,2:50,83,83,0,62,-3.26760624,360,360,998,0.0035,220.1,2,0
2002/8/22,2:40,420,420,0,62,-2.508638306,360,360,998,3.5,84.7,2,1
2002/8/24,1:45,100,100,0,81,-2.508638306,360,360,1913,0.0004,195.6,2,0
2002/8/24,1:30,425,425,0,81,-4.283996656,360,360,1913,0.4,86.2,2,1
2002/8/28,19:15,5,0,5,11.0059453,,81,89,489,0.0084,163.2,4,0
2002/9/5,16:55,2847,2847,0,-28,-4.283996656,360,360,1748,0.00003,175.2,2,0
2002/9/6,3:50,1620,1620,0,-28,-3.337242168,360,360,1748,0.03,97,2,1
2002/9/7,4:40,730,730,0,-28,-4.283996656,54,360,1748,0.057,182.8,2,1
2002/9/10,15:19,41,41,0,-43,-3.537602002,127,38,273,0.0085,220.5,2,0
2002/9/27,13:35,55,55,0,-45,-3.744727495,64,64,591,0.008,151.6,2,0
2002/10/13,18:10,30,30,0,54,-4.327902142,252,141,373,0.004,179.2,2,0
2002/10/14,0:19,101,101,0,-75,-3.657577319,107,264,1009,0.0005,181.2,2,0
2002/10/14,14:35,135,135,0,-90,-4.346787486,360,360,1694,0.0012,181.2,2,0
2002/10/27,23:06,134,134,0,11.0059453,,360,360,2115,0.0003,157.1,2,0
2002/11/9,13:20,820,820,0,29,-3.337242168,360,360,1838,0.0001,190.6,2,0
2002/11/9,15:25,795,795,0,29,-2.443697499,360,360,1838,0.1,101.3,2,1
2002/11/10,3:20,160,160,0,37,-3.619788758,203,282,1670,0.0003,191.4,2,0
2002/11/10,3:20,1181.871658,1181.871658,0,37,-3.168683297,203,282,1670,0.85868323,101.6,2,1
2002/11/11,16:15,95,95,0,60,-3.744727495,212,93,1083,0.0006,184.7,2,0
2002/11/24,20:05,40,40,0,-35,,360,360,1077,0.007,146.2,2,0
2002/12/19,21:45,45,45,0,9,-3.568636236,360,360,1092,0.0015,192.9,2,0
2002/12/22,4:20,30,30,0,42,-3.958607315,328,272,1071,0.0035,172,2,0
2003/1/20,19:10,50,50,0,38,-4.769551079,315,105,733,0.006,138,2,0
2003/1/27,22:20,6,6,0,23,-4.619788758,205,267,1053,0.008,121.3,2,0
2003/3/18,12:25,80,80,0,46,-2.823908741,263,209,1601,0.0005,118.4,2,0
2003/3/18,13:55,15,15,0,11.0059453,,360,360,1042,0.007,118.4,2,0
2003/3/19,2:30,45,45,0,11.0059453,,360,360,1342,0.006,108.2,2,0
2003/4/22,7:25,57,57,0,-90,,87,171,918,0.0007,132.4,2,0
2003/5/27,23:12,33,33,0,17,-2.886056648,360,360,964,0.002,128.8,2,0
2003/5/28,1:00,1410,1410,0,20,-2.443697499,360,360,1366,0.0002,130.2,2,0
2003/5/28,1:00,126,0,126,20,-2.443697499,293.0108565,360,1366,0.01,130.2,4,0
2003/5/28,4:15,1395,1395,1200,20,-3.031517051,212,360,1366,0.2,93.9,2+4,1
2003/5/29,1:10,410,410,0,37,-2.920818754,360,360,1237,0.0002,137.8,2,0
2003/5/31,3:00,300,300,0,65,-3.031517051,360,360,1835,0.00015,113.1,2,0
2003/5/31,3:00,225,225,0,65,-3.167491087,360,360,1835,0.15,95.1,2,1
2003/6/5,0:00,281.3636364,281.3636364,0,90,,230,239,1458,0,113.6,2,0
2003/6/16,0:00,180,180,0,-80,-2.886056648,360,360,2053,0.0004,122.6,2,0
2003/6/17,22:50,400,400,0,-55,-3.167491087,360,360,1813,0.0002,121.9,2,0
2003/6/18,9:15,1175,1175,0,-55,-2.920818754,279,360,1813,0.2,96.9,2,1
2003/7/10,14:10,120,120,0,90,-3.443697499,293.0108565,275.6763285,1151.432854,0.0004,122.8,2,0
2003/8/19,11:15,45,45,0,57,-3.568636236,262,111,468,0.001,116.7,2,0
2003/10/21,4:10,45,45,0,-90,,360,360,1484,0.001,151.5,2,0
2003/10/26,7:00,135,135,0,-44,-2.920818754,108,207,1371,0.0015,298.3,2,0
2003/10/26,17:45,115,115,0,38,-2.920818754,270,171,1537,0.0015,298.3,2,0
2003/10/26,11:28,264,0,264,-8,-2.920818754,360,360,2459,0.0045,298.3,4,0
2003/10/26,7:00,1181.871658,1181.871658,200,-44,-3.168683297,108,207,1371,0.85868323,100.8,2+4,1
2003/10/26,18:00,275,275,98,38,-1.769551079,270,171,1537,1.5,100.8,2+4,1
2003/10/28,11:10,2210,2210,0,-8,-1.769551079,360,360,2459,0.00004,274.4,2,0
2003/10/28,1:30,77,0,77,-10,-1.769551079,293.0108565,275.6763285,1151.432854,0.0066,274.4,4,0
2003/10/28,11:45,990,990,800,-8,-2,360,360,2459,0.04,90.7,2+4,1
2003/10/29,20:55,185,185,0,2,,360,360,2029,0.0005,291.7,2,0
2003/10/29,5:38,238,0,238,-6,,293.0108565,275.6763285,1151.432854,0.0074,291.7,4,0
2003/10/29,21:05,63,0,63,2,-2,360,360,2029,0.0081,291.7,4,0
2003/10/29,9:30,12,0,12,11.0059453,-2,360,360,2036,0.003,291.7,4,0
2003/10/29,21:55,1360,1360,1400,2,-3.168683297,360,360,2029,0.5,89.1,2+4,1
2003/11/1,22:55,115,115,0,60,-3.494850022,254,93,899,0.002,210.4,2,0
2003/11/2,9:23,119,119,0,90,,360,360,2036,0.00055,190.4,2,0
2003/11/2,17:30,450,450,0,56,,360,360,2598,0.00025,190.4,2,0
2003/11/2,17:53,71,0,71,56,-2.080921908,360,360,2598,0.0072,190.4,4,0
2003/11/2,2:09,44,0,44,83,-2.080921908,304,65,827,0.0095,190.4,4,0
2003/11/2,10:55,190,190,55,90,-2.080921908,310.7073171,360,2036,0.55,83.7,2+4,1
2003/11/2,17:35,880,880,69,56,-1.552841969,360,360,2598,0.25,83.7,2+4,1
2003/11/3,1:15,10,10,0,83,-2.568636236,304,65,827,0.0015,166.9,2,0
2003/11/3,10:00,150,150,0,77,-2.568636236,293,103,1420,0.0004,166.9,2,0
2003/11/3,10:14,49,0,49,77,-2.408935393,293,103,1420,0.0063,166.9,4,0
2003/11/3,20:15,48,0,48,83,-2.408935393,360,360,2657,0.004,166.9,4,0
2003/11/4,20:00,240,240,0,83,-1.552841969,360,360,2657,0.0002,560.9,2,0
2003/11/4,1:00,126,0,126,20,-1.552841969,293.0108565,360,1366,0.01,560.9,4,0
2003/11/4,22:15,465,465,400,83,-3.017728767,360,360,2657,0.2,95.7,2+4,1
2003/11/9,0:00,281.3636364,281.3636364,0,-90,,360,360,2008,0,93,2,0
2003/11/11,0:00,281.3636364,281.3636364,0,90,,360,360,1359,0,95.6,2,0
2003/11/13,9:35,75,75,0,-90,-3.853871964,49,217,1141,0.004,102.1,2,0
2003/11/17,9:05,15,15,0,-33,-3.37675071,72,242,1061,0.0015,121,2,0
2003/11/18,0:00,281.3636364,281.3636364,0,-18,-3.408935393,360,360,1660,0,144.3,2,0
2003/11/18,10:15,75,75,0,-90,-3.346787486,95,197,1824,0.002,144.3,2,0
2003/11/21,16:30,480,480,0,8,-4.096910013,292,360,669,0.85868323,98.3,2,1
2003/12/2,11:00,60,60,0,70,-4.142667504,261,150,1393,0.009,139.3,2,0
2003/12/2,12:25,355,355,0,90,-4.017728767,261,150,1393,0.85868323,56.8,2,1
2004/1/5,3:40,10,10,0,-38,-3.161150909,293.0108565,275.6763285,1151.432854,0.0025,123,2,0
2004/1/6,6:40,43,43,0,-90,-3.236572006,88,166,1469,0.002,117.3,2,0
2004/1/7,4:15,120,120,0,-82,-3.346787486,78,171,1581,0.00075,118.8,2,0
2004/1/7,10:35,60,60,0,-75,-3.080921908,81,182,1822,0.0015,118.8,2,0
2004/4/6,13:05,175,175,0,-15,-3.619788758,360,360,1368,0.0003,101.4,2,0
2004/4/8,10:25,145,145,0,11,-4.13076828,360,360,1068,0.0005,93.5,2,0
2004/4/8,13:30,30,30,0,8,-4.886056648,198,92,959,0.003,93.5,2,0
2004/4/11,4:20,75,75,0,47,-4.017728767,203,314,1645,0.0005,89.6,2,0
2004/4/11,6:10,755,755,0,47,-3.958607315,203,314,1645,0.5,100.7,2,1
2004/6/2,23:13,42,42,0,90,,287,136,1102,0.0021,90.4,2,0
2004/6/3,16:48,22,22,0,90,,303,179,1226,0.005,90,2,0
2004/6/4,7:50,125,125,0,90,,309,273,1306,0.0025,89.4,2,0
2004/6/22,22:07,23,23,0,24,-4.769551079,293.0108565,275.6763285,1151.432854,0.007,116.7,2,0
2004/6/23,6:30,145,145,0,21,-4.602059991,293.0108565,275.6763285,1151.432854,0.005,112.5,2,0
2004/7/23,19:00,35,35,0,5,-4.387216143,209,100,874,0.0025,165.1,2,0
2004/7/23,9:54,27,0,27,-28,-4.387216143,360,360,653,0.0122,165.1,4,0
2004/7/25,15:00,1885,1885,0,33,-3.958607315,360,360,1333,0.000028,156.2,2,0
2004/7/25,1:55,29,0,29,-5,-3.958607315,351,360,1111,0.0096,156.2,4,0
2004/7/25,16:55,1075,1075,500,33,-3.318758763,360,360,1333,0.028,126.5,2+4,1
2004/7/29,13:20,1870,1870,0,90,-4.677780705,360,360,1180,0.00005,99.7,2,0
2004/7/31,7:10,260,260,0,89,-4.075720714,259,197,1192,0.0002,86.4,2,0
2004/8/8,9:15,7,7,0,-90,,360,360,1004,0.007,104.8,2,0
2004/8/18,17:10,66,0,66,17,,293.0108565,360,1759,0.0112,139.9,4,0
2004/9/12,0:45,2655,2655,0,-49,-3.318758763,360,360,1328,0.00004,114.6,2,0
2004/9/13,20:00,245,245,0,-49,-3.721246399,262,360,1328,0.04,103.9,2,1
2004/9/19,17:15,60,60,0,58,-3.721246399,293.0108565,275.6763285,1151.432854,0.0025,105.2,2,0
2004/9/19,18:10,410,410,0,58,-3.168683297,310.7073171,328.4891304,1530.568306,2.5,100.3,2,1
2004/10/24,3:12,9,9,0,-19,-4.769551079,26,109,417,0.008,140.2,2,0
2004/10/30,6:40,60,60,0,22,-3.37675071,360,360,422,0.001,136.4,2,0
2004/11/1,5:55,90,90,0,90,,266,146,925,0.0004,135.5,2,0
2004/11/1,6:10,115,115,0,90,-2.698970004,266,146,925,0.4,103.4,2,1
2004/11/1,6:55,70,70,0,90,,266,146,925,0.2,162.2,2,1
2004/11/3,15:55,35,35,0,-38,-3.795880017,360,360,1068,0.0034,135.9,2,0
2004/11/3,3:35,35,35,0,-45,-3.301029996,91,239,918,0.0012,135.9,2,0
2004/11/4,17:46,126,0,126,51,,109,360,2000,0.007,136,4,0
2004/11/6,1:50,55,55,0,-5,-3.443697499,351,214,1111,0.0007,128.8,2,0
2004/11/6,19:20,89,0,89,20,-3.443697499,209,100,847,0.0071,128.8,4,0
2004/11/7,16:25,1655,1655,0,17,-2.698970004,360,360,1759,0.00006,129.6,2,0
2004/11/7,14:54,162,0,162,33,-2.698970004,360,360,1333,0.0017,129.6,4,0
2004/11/7,18:25,410,410,253,17,-3.050609993,360,360,1759,0.06,129.7,2+4,1
2004/11/7,19:10,365,365,333,17,-2.698970004,324,360,1759,0.0002,189.8,2+4,1
2004/11/9,17:35,35,35,0,51,-3.050609993,360,360,2000,0.005,140.9,2,0
2004/11/9,18:45,85,0,85,90,-3.050609993,118,75,602,0.0122,140.9,4,0
2004/11/9,20:00,90,90,90,51,-2.602059991,109,360,2000,5,111.9,2+4,1
2004/11/10,2:25,75,75,0,49,-2.602059991,360,360,3387,0.001,104.6,2,0
2004/11/10,3:15,820,820,0,49,-2.585026652,360,360,3387,1,101.3,2,1
2004/12/3,0:07,1703,1703,0,2,-3.823908741,360,360,1216,0.00006,100.8,2,0
2004/12/8,20:05,5,5,0,3,-4.602059991,360,360,611,0.008,96.5,2,0
2004/12/29,16:35,25,25,0,-62,-3.638272164,71,140,774,0.0045,98.5,2,0
2004/12/30,23:45,275,275,0,-46,-3.37675071,360,360,1035,0.0007,100,2,0
2005/1/1,0:45,100,100,0,-34,-2.769551079,360,360,832,0.00045,98.9,2,0
2005/1/4,11:20,15,15,0,11,-4.13667714,293.0108565,275.6763285,1151.432854,0.006,88,2,0
2005/1/15,6:15,195,195,0,-4,-3.065501549,360,360,2049,0.00015,144.9,2,0
2005/1/15,23:00,1500,1500,0,5,-3.065501549,360,360,2861,0.00004,144.9,2,0
2005/1/15,6:42,135,0,135,-4,-2.585026652,293.0108565,275.6763285,2049,0.0073,144.9,4,0
2005/1/15,23:06,152,0,152,5,-2.585026652,360,275.6763285,2861,0.0058,144.9,4,0
2005/1/16,1:05,1055,1055,0,5,-2.420216403,360,360,2861,0.04,100.5,2,1
2005/1/17,9:25,395,395,0,25,-2.698970004,360,360,2094,0.00003,137.5,2,0
2005/1/17,10:00,35,35,0,25,-2.420216403,360,360,2547,0.0015,137.5,2,0
2005/1/17,9:54,617,0,617,25,-2.420216403,360,275.6763285,2547,0.0036,137.5,4,0
2005/1/17,9:25,1181.871658,1181.871658,589,25,-3.168683297,360,360,2094,0.85868323,102.5,2+4,1
2005/1/17,12:40,310,310,300,25,-2.148741651,360,360,2547,1.5,102.5,2+4,1
2005/1/19,9:20,880,880,0,51,-2.886056648,360,360,2020,0.00004,132.5,2,0
2005/1/19,8:38,65,0,65,51,-2.886056648,42,275.6763285,2020,0.0072,132.5,4,0
2005/1/20,7:15,555,555,0,61,-2.148741651,360,360,882,0.000025,122.7,2,0
2005/1/20,7:13,38,0,38,61,-2.148741651,293.0108565,275.6763285,882,0.0066,122.7,4,0
2005/1/20,6:55,75,75,30,61,-3.096910013,360,360,882,0.025,123.3,2+4,1
2005/2/1,11:40,10,10,0,-90,,360,360,1380,0.004,83.7,2,0
2005/5/2,22:40,20,20,0,-90,-4.096910013,105,148,955,0.0055,112.2,2,0
2005/5/3,0:20,50,50,0,-90,,82,66,978,0.0015,112.3,2,0
2005/5/6,17:52,11,11,0,-29,-4.070581074,360,360,1128,0.004,110.4,2,0
2005/5/13,17:00,1990,1990,0,-11,-3.096910013,360,360,1689,0.00004,125.9,2,0
2005/5/13,18:45,1195,1195,0,-11,-3.397940009,360,360,1689,0.04,117.2,2,1
2005/5/17,3:20,15,15,0,90,,252,89,311,0.0015,90,2,0
2005/6/3,12:50,130,130,0,-90,-4,360,360,1679,0.00027,95.3,2,0
2005/6/16,20:25,75,75,0,90,-3.397940009,293.0108565,275.6763285,1151.432854,0.001,98.1,2,0
2005/6/16,20:45,555,555,0,90,-2.920818754,310.7073171,328.4891304,1530.568306,1,102.2,2,1
2005/6/16,22:00,420,420,0,90,,271,,,0.00015,98.1,2,1
2005/7/7,16:30,10,10,0,-3,-3.30980392,360,360,683,0.002,124.9,2,0
2005/7/8,14:05,16,0,16,-90,,360,360,2528,0.0053,110.4,4,0
2005/7/9,22:15,45,45,0,28,-3.552841969,360,360,1540,0.0006,106.6,2,0
2005/7/13,14:15,50,50,0,90,-3.301029996,360,360,1423,0.001,-1,2,0
2005/7/14,11:00,114,114,0,90,-2.920818754,360,360,2115,0.0008,89.9,2,0
2005/7/14,13:05,880,880,0,90,-3.168683297,360,360,2115,0.8,92.3,2,1
2005/7/14,2:45,60,60,0,90,-2.920818754,268,360,2115,0.018,89.9,2,1
2005/7/17,11:50,115,115,0,90,,360,360,1527,0.0003,74.1,2,0
2005/7/17,14:15,505,505,0,90,-3.431798276,310.7073171,360,1527,0.3,98.4,2,1
2005/7/24,13:50,520,520,0,-90,,360,360,2528,0.00015,80.2,2,0
2005/7/24,22:35,5,5,0,-90,,360,360,1234,0.0007,80.2,2,0
2005/7/24,16:18,28,0,28,10,,293.0108565,275.6763285,1151.432854,0.0036,80.2,4,0
2005/7/27,5:20,85,85,0,-90,-3.431798276,360,360,1787,0.00045,90.6,2,0
2005/7/27,7:45,45,45,0,-90,,65,51,533,0.001,90.6,2,0
2005/7/27,22:25,2452,2452,0,-90,-3.251811973,86,360,1787,0.45,104.7,2,1
2005/7/30,7:40,740,740,0,-60,-2.886056648,360,360,1968,0.00008,105,2,0
2005/8/1,14:15,35,35,0,-32,-4,83,93,984,0.0045,111.2,2,0
2005/8/22,1:30,125,125,0,54,-3.585026652,360,360,1194,0.00055,157.3,2,0
2005/8/22,17:15,1185,1185,0,65,-3.585026652,360,360,2378,0.00004,157.3,2,0
2005/8/22,1:45,80,0,80,54,-3.251811973,293.0108565,360,1194,0.011,157.3,4,0
2005/8/22,17:28,13,0,13,65,-3.251811973,360,360,2378,0.0075,157.3,4,0
2005/8/22,19:20,925,925,230,65,-1.769551079,360,360,2378,0.04,113,2+4,1
2005/8/23,15:00,270,270,0,90,-3.568636236,360,360,1929,0.0004,112.3,2,0
2005/8/29,11:10,4,4,0,90,,360,360,1600,0.006,89.2,2,0
2005/8/31,11:40,30,30,0,13,-4.698970004,360,360,825,0.0008,84,2,0
2005/8/31,22:10,50,50,0,11.0059453,,360,360,1808,0.006,84,2,0
2005/9/3,3:20,115,115,0,11.0059453,,360,360,1672,0.0005,74.2,2,0
2005/9/5,10:40,800,800,0,-81,-4.568636236,360,360,2326,0.00006,75,2,0
2005/9/7,18:05,355,355,0,-77,-2.769551079,293.0108565,275.6763285,1151.432854,0.0002,117,2,0
2005/9/7,20:10,5175,5175,0,-77,-2.823908741,310.7073171,328.4891304,1530.568306,0.2,100.1,2,1
2005/9/9,19:45,135,135,0,-67,-2.207608311,360,360,2257,0.00005,707.6,2,0
2005/9/9,22:12,80,0,80,-47,-2.207608311,360,360,1893,0.0122,707.6,4,0
2005/9/10,21:45,195,195,0,-47,-2.677780705,360,360,1893,0.0002,116,2,0
2005/9/10,9:12,596,0,596,-25,-2.677780705,144,22,511,0.0043,116,4,0
2005/9/11,13:10,125,125,0,-39,-3.522878745,360,360,1922,0.00035,109.7,2,0
2005/9/12,20:00,47,0,47,-10,,360,360,1866,0.0027,118,4,0
2005/9/13,20:20,2020,2020,0,-10,-2.823908741,360,360,1866,0.000035,302,2,0
2005/9/13,20:10,35,0,35,-67,-2.823908741,360,360,2257,0.0071,302,4,0
2005/9/13,23:00,1040,1040,900,-10,-2.187086643,170,360,1866,0.035,109.2,2+4,1
2006/4/30,16:20,1960,1960,0,-8,-4.744727495,360,360,544,0.0002,99.9,2,0
2006/7/6,8:45,513,513,0,34,-3.602059991,360,360,911,0.0003,85,2,0
2006/8/16,15:45,390,390,0,8,-4.443697499,360,360,888,0.0004,100.6,2,0
2006/8/26,20:40,20,20,0,-8,-4.602059991,164,208,786,0.002,75.7,2,0
2006/11/5,17:35,105,105,0,-90,,39,196,1398,0.0004,84.7,2,0
2006/11/6,10:35,30,30,0,-90,,77,55,829,0.006,83.5,2,0
2006/11/6,17:45,100,100,0,-90,-4.055517328,360,360,1994,0.0003,83.5,2,0
2006/12/5,10:50,550,550,0,-68,-2.045757491,293.0108565,275.6763285,1151.432854,0.00025,102.4,2,0
2006/12/6,2:00,90,90,0,-69,-3.958607315,293.0108565,275.6763285,1151.432854,0.0002,573.4,2,0
2006/12/6,2:00,90,0,90,-69,-3.958607315,293.0108565,275.6763285,1151.432854,0.2,573.4,4,0
2006/12/6,8:30,75,75,0,-63,-3.22184875,293.0108565,275.6763285,1151.432854,0.0006,573.4,2,0
2006/12/6,19:00,3180,3180,0,-64,-2.187086643,293.0108565,275.6763285,1151.432854,0.00003,573.4,2,0
2006/12/6,23:15,1165,1165,125,-64,-2.468521083,310.7073171,360,1530.568306,0.03,114.6,2+4,1
2006/12/13,2:45,475,475,0,23,-2.468521083,360,360,1774,0.00015,94.6,2,0
2006/12/13,22:38,43,0,43,46,-2.468521083,237,360,1042,0.0068,94.6,4,0
2006/12/13,2:55,450,450,56,23,-2.823908741,360,360,1774,0.15,99.3,2+4,1
2006/12/13,3:10,375,375,78,23,-2.468521083,360,360,1774,0.16,94.6,2+4,1
2006/12/14,22:30,70,70,0,46,-2.823908741,360,360,1042,0.0015,94.4,2,0
2006/12/14,2:00,54,0,54,-69,-2.823908741,360,275.6763285,1151.432854,0.0027,94.4,4,0
2006/12/14,22:55,80,80,120,46,-4.356547324,360,360,1042,1.5,106.2,2+4,1
2007/1/25,6:55,995,995,0,-90,-4.200659451,360,360,1367,0.00009,79.9,2,0
2007/5/19,13:02,3,3,0,6,-5.022276395,260,106,958,0.013,74.8,2,0
2007/12/31,1:05,17,17,0,-81,-4.080921908,92,164,995,0.006,76.7,2,0
2008/3/25,19:05,15,15,0,-78,-3.769551079,98,112,1103,0.0008,88.6,2,0
2008/4/26,14:23,16,16,0,-9,-5.420216403,65,281,515,0.0049,69,2,0
2010/1/17,4:05,0.5,0.5,0,,,114,126,350,0,82.6,2,0
2010/1/17,4:05,1,1,0,,,114,126,350,0,82.6,3,0
2010/3/13,14:00,17,17,0,,-5.619788758,321,4,1258,0,91.8,2,0
2010/6/12,1:05,0.1,0.1,0,43,-3.698970004,289,119,486,0,76.2,2,0
2010/6/12,1:05,1,1,0,43,-3.698970004,289,119,486,0.016,76.2,3,0
2010/8/1,9:20,490,490,0,-36,-4.494850022,293.0108565,275.6763285,1151.432854,0.0007,79.7,2,0
2010/8/1,8:50,60,0,60,-36,-4.494850022,360,275.6763285,1151.432854,0.011,79.7,4,0
2010/8/1,9:20,8.2,8.2,0,-36,-4.494850022,360,360,850,0,79.7,2,0
2010/8/1,9:20,2,2,0,-36,-4.494850022,360,360,850,0,79.7,3,0
2010/8/7,18:35,75,75,0,-34,-4,360,360,871,0.0007,90.5,2,0
2010/8/7,18:40,80,0,80,-34,-4,360,360,871,0.0067,90.5,4,0
2010/8/7,18:35,1.2,1.2,0,-34,-4,360,360,871,0,90.5,2,0
2010/8/7,18:35,27,27,0,-34,-4,360,360,871,0.014,90.5,3,0
2010/8/14,11:05,100,100,0,52,-3.431798276,360,360,1205,0.85868323,138.3,2,1
2010/8/14,11:25,1008,1008,0,52,-4.356547324,360,360,1205,0,85.2,2,1
2010/8/14,11:35,936,936,0,52,-4.356547324,360,360,1205,0,85.2,2,1
2010/8/18,6:05,100,100,0,88,-4.346787486,255,184,1471,0.0007,79.8,2,0
2010/8/18,6:05,1.7,1.7,0,,-4.346787486,255,184,1471,0,79.8,2,0
2010/8/18,6:05,7,7,0,,-4.346787486,255,184,1471,0,79.8,3,0
2010/8/31,21:00,0.1,0.1,0,,,360,360,1304,0,74.6,2,0
2010/8/31,21:00,8,8,0,,,360,360,1304,0,74.6,3,0
2010/9/8,23:25,0.4,0.4,0,90,-4.48148606,281,147,818,0,74.5,2,0
2010/9/8,23:25,2,2,0,90,-4.48148606,281,147,818,0,74.5,3,0
2011/1/13,9:15,50,50,0,-114,,79,122,664,0.0035,79.5,2,0
2011/1/13,9:15,0.8,0.8,0,,-5.431798276,79,122,664,0,79.3,2,0
2011/1/27,12:20,15,15,0,87,-4.920818754,255,43,349,0.008,80.5,2,0
2011/1/27,12:20,0.2,0.2,0,,-5.721246399,255,43,349,0,80.5,2,0
2011/1/27,12:20,19,19,0,,-5.721246399,255,43,349,0,80.5,3,0
2011/1/28,1:15,0.3,0.3,0,,-3.886056648,288,119,606,0,80.6,2,0
2011/1/28,1:15,3,3,0,,-3.886056648,288,119,606,0,80.6,3,0
2011/1/28,4:35,0.2,0.2,0,,-4.823908741,116,45,170,0,80.6,2,0
2011/1/28,4:35,2,2,0,,-4.823908741,116,45,170,0,80.6,3,0
2011/1/31,16:35,0.6,0.6,0,-24,-5.769551079,305,150,713,0,81.3,2,0
2011/2/13,17:50,10,10,0,-4,-3.180456064,359,276,373,0.008,106.8,2,0
2011/2/13,17:50,0.2,0.2,0,-4,-3.180456064,359,276,373,0,106.8,2,0
2011/2/13,17:50,2,2,0,-4,-3.180456064,359,276,373,0,106.8,3,0
2011/2/15,2:10,290,290,0,12,-2.657577319,360,360,669,0.0004,112.8,2,0
2011/2/15,21:05,194,0,194,-119,-2.657577319,360,360,1238,0.0092,112.8,4,0
2011/2/15,2:10,4.8,4.8,0,15,-2.657577319,360,360,669,0,112.8,2,0
2011/2/15,2:10,17,17,0,15,-2.657577319,360,360,669,0,112.8,3,0
2011/2/24,12:50,140,140,0,-87,-3.455931956,70,158,1186,0.0007,88.9,2,0
2011/2/24,12:50,2.3,2.3,0,-72,-3.455931956,70,158,1186,0,88.9,2,0
2011/3/7,14:30,30,30,0,-18,-3.721246399,354,261,698,0.007,938.6,2,0
2011/3/7,20:00,750,750,0,53,-3.431798276,360,360,2125,0.0002,938.6,2,0
2011/3/7,2:24,62,0,62,10,-3.431798276,360,360,669,0.008,938.6,4,0
2011/3/7,21:45,615,615,452,53,-3.168683297,360,360,2125,0.2,154.7,2+4,1
2011/3/7,23:15,5486.4,5486.4,500,53,-3.431798276,360,360,2125,0.007,938.6,2+4,1
2011/3/7,23:30,5184,5184,650,53,-3.431798276,360,360,2125,0.007,938.6,2+4,1
2011/3/7,14:30,0.5,0.5,0,-18,-3.721246399,354,261,698,0,938.6,2,0
2011/3/7,14:30,1,1,0,-18,-3.721246399,354,261,698,0,938.6,3,0
2011/3/7,20:00,12.5,12.5,0,59,-3.431798276,360,360,2125,0,938.6,2,0
2011/3/7,20:00,3,3,0,59,-3.431798276,360,360,2125,0,938.6,3,0
2011/3/8,1:05,415,415,0,53,-3.431798276,51,360,3135,0.00002,166.7,2+3,1
2011/3/21,4:10,1345,1345,0,129,-3.602059991,310.7073171,360,1341,0.85868323,117.3,2+3,1
2011/3/21,5:55,2001.6,2001.6,0,129,,360,360,1341,0.00002,101,2+3,1
2011/3/21,19:50,345,345,0,129,,116,360,1341,0.002,101,2+3,1
2011/3/21,18:00,1238.4,1238.4,0,129,,116,360,1341,0,101,2+3,1
2011/3/21,2:30,2,2,0,,,360,360,1341,0,101,2,0
2011/3/21,2:30,2,2,0,,,360,360,1341,0,101,2,0
2011/5/2,8:00,0.4,0.4,0,-25,-4.431798276,360,360,347,0,111.6,2,0
2011/5/4,7:00,6.8,6.8,0,5,-4.795880017,360,360,179,0,102.8,2,0
2011/5/4,7:00,3,3,0,5,-4.795880017,360,360,179,0,102.8,3,0
2011/5/4,22:00,51.5,51.5,0,8,-5.107905397,360,360,150,0,102.8,2,0
2011/5/4,22:00,3,3,0,8,-5.107905397,360,360,150,0,102.8,3,0
2011/5/7,6:45,11.2,11.2,0,54,-3.602059991,360,360,294,0,96.4,2,0
2011/5/7,6:45,29,29,0,54,-3.602059991,360,360,294,0.016,96.4,3,0
2011/5/9,21:00,420,420,0,-88,-4.26760624,55,292,1318,0.0009,103.7,2,0
2011/5/9,21:00,7,7,0,,-4.26760624,55,>292,1318,0,103.7,2,0
2011/5/9,21:00,9,9,0,,-4.26760624,55,>292,1318,0,103.7,3,0
2011/5/29,21:10,990,990,0,-72,-4.060480747,107,186,1407,0.00009,110.8,2,0
2011/5/29,20:15,26,0,26,48,-4.060480747,360,360,2125,0.011,110.8,4,0
2011/5/29,10:25,0.5,0.5,0,-65,-3.853871964,119,234,646,0,110.8,2,0
2011/5/29,21:10,16.5,16.5,0,-68,-4.060480747,107,>186,1407,0,110.8,2,0
2011/6/2,8:00,25,25,0,-25,-4.431798276,360,360,976,0.004,111.6,2,0
2011/6/4,7:00,405,405,0,144,,360,360,1407,0.0003,102.8,2,0
2011/6/4,22:00,3090,3090,0,153,,360,360,2425,0.000025,102.8,2,0
2011/6/4,21:15,18,0,18,-72,,107,186,1407,0.0066,102.8,4,0
2011/6/4,7:10,107,0,107,144,,360,360,1407,0.0046,102.8,4,0
2011/6/4,22:15,91,0,91,153,,360,360,2425,0.006,102.8,4,0
2011/6/5,22:25,6408,6408,0,,,254,,,0,102.9,2,1
2011/6/7,6:45,675,675,0,54,-3.602059991,360,360,1255,0.00025,96.4,2,0
2011/6/7,6:45,22,0,22,54,-3.602059991,360,360,1255,0.004,96.4,4,0
2011/6/7,7:20,660,660,30,54,-3.031517051,360,360,1255,0.25,113.9,2+3+4,1
2011/6/7,7:10,3096,3096,28,54,-3.602059991,360,360,1255,0.00025,96.4,2+3+4,1
2011/6/7,18:55,0.5,0.5,0,54,-3.602059991,360,360,738,0,96.4,2,0
2011/6/7,18:55,3,3,0,54,0.397940009,360,360,738,0,96.4,3,0
2011/6/13,4:20,0.5,0.5,0,-78,-4.920818754,360,360,957,0,86.6,2,0
2011/6/21,3:07,14,14,0,8,-4.113509275,360,360,719,0.007,95.1,2,0
2011/7/26,9:45,0.8,0.8,0,,,360,360,382,0,93.5,2,0
2011/7/26,9:45,9,9,0,,,3600,360,382,0,93.5,3,0
2011/7/26,9:45,9,9,0,,,288,268,382,0,121.6,3,0
2011/8/2,6:15,75,75,0,15,-3.853871964,288,268,712,0.003,121.6,2,0
2011/8/2,6:15,1.2,1.2,0,15,-3.853871964,288,268,712,0,121.6,2,0
2011/8/2,6:15,2,2,0,15,-3.853871964,360,360,712,0,116.3,3,0
2011/8/4,4:15,2205,2205,0,36,-3.031517051,360,360,1315,0.00006,116.3,2,0
2011/8/4,4:30,2180,2180,0,36,-2.161150909,360,360,1315,0.06,104.1,2+3,1
2011/8/4,4:45,3830.4,3830.4,0,36,-3.031517051,360,360,1315,0.00006,116.3,2+3,1
2011/8/4,4:55,3427.2,3427.2,0,36,-3.031517051,360,360,1315,0.00006,116.3,2+3,1
2011/8/4,4:15,36.8,36.8,0,36,-3.031517051,360,360,1315,0,116.3,2,0
2011/8/4,4:15,2,2,0,36,-3.031517051,305,237,1315,0,101.5,3,0
2011/8/8,18:10,120,120,0,61,-3.455931956,305,237,1343,0.0004,101.5,2,0
2011/8/8,6:45,22,0,22,54,-3.455931956,360,360,1255,0.004,101.5,4,0
2011/8/8,18:10,2,2,0,61,-3.455931956,305,237,1343,0,101.5,2,0
2011/8/8,18:10,14,14,0,61,-3.455931956,360,360,1343,0,97.5,3,0
2011/8/9,8:20,15,15,0,69,-2.161150909,360,360,1610,0.004,97.5,2,0
2011/8/9,8:20,230,230,0,69,-2.853871964,360,360,1610,4,152.7,2+3,1
2011/8/9,8:25,1526.4,1526.4,0,69,-2.161150909,360,360,1610,0.004,97.5,2+3,1
2011/8/9,8:20,676.8,676.8,0,69,-2.161150909,360,360,1610,0.004,97.5,2+3,1
2011/8/9,8:20,0.2,0.2,0,69,-2.161150909,360,360,1610,0,97.5,2,0
2011/8/9,8:20,30,30,0,69,-2.161150909,360,360,1610,0,111.5,3,0
2011/9/6,2:00,1300,1300,0,7,-3.27572413,360,360,782,0.0002,111.5,2,0
2011/9/6,22:30,1030,1030,0,18,-3.27572413,360,360,575,0.00015,111.5,2,0
2011/9/6,18:40,88,0,88,61,-2.677780705,305,237,1343,0.0075,111.5,4,0
2011/9/6,11:10,75,0,75,-89,-2.677780705,360,360,1905,0.0089,111.5,4,0
2011/9/6,2:00,21.7,21.7,0,7,-3.27572413,360,360,547,0,111.5,2,0
2011/9/6,2:00,1,1,0,7,-3.27572413,289,115,247,0,111.5,3,0
2011/9/6,22:30,17.2,17.2,0,18,-5.677780705,65,188,575,0,112.8,2,0
2011/9/7,18:50,0.2,0.2,0,18,-5.040958608,65,188,924,0,112.8,2,0
2011/9/7,18:50,1,1,0,18,-5.040958608,350,281,924,0,110.1,3,0
2011/9/8,22:50,0.2,0.2,0,-59,-4.602059991,70,16,983,0,116.2,2,0
2011/9/10,19:00,22,22,0,-24,-4.769551079,360,360,184,0,150.8,2,0
2011/9/22,11:05,775,775,0,-89,-2.853871964,360,360,1905,0.00007,150.8,2,0
2011/9/22,13:05,71,0,71,-56,-2.853871964,360,360,1915,0.0086,150.8,4,0
2011/9/22,17:55,5520,5520,100,-89,-4.920818754,42,360,1905,0.07,126.1,2+3+4,1
2011/9/22,11:05,12.9,12.9,0,-83,-2.853871964,360,360,1905,0,150.8,2,0
2011/9/22,11:05,32,32,0,-83,-2.853871964,360,360,1905,0,150.8,3,0
2011/9/22,11:15,1.2,1.2,0,-83,-2.853871964,360,360,1905,0,150.8,2,0
2011/9/22,11:15,23,23,0,-83,-2.853871964,360,360,1905,0,190.4,3,0
2011/9/23,3:30,8596.8,8596.8,579,-89,-2.853871964,105,360,1905,0,158.2,2+3+4,1
2011/9/23,4:10,7776,7776,626,-89,-2.853871964,112,360,1905,0,158.2,2+3+4,1
2011/9/23,22:55,2220,2220,523,89,-2.853871964,311,360,1950,0.033,158.2,2+3+4,1
2011/9/24,12:50,595,595,0,-56,-3.148741651,360,360,1915,0.0003,190.4,2,0
2011/9/24,19:36,119,0,119,-42,-3.148741651,42,360,972,0.0071,190.4,4,0
2011/9/24,5:50,65,0,65,87,,103,45,717,0.012,190.4,4,0
2011/9/24,12:50,9.9,9.9,0,-47,-3.148741651,360,360,1915,0,190.4,2,0
2011/9/24,12:50,15,15,0,-47,-3.148741651,360,360,1915,0,190.4,3,0
2011/9/24,13:00,1.2,1.2,0,-47,-3.148741651,360,360,1915,0,190.4,2,0
2011/9/24,13:00,15,15,0,-47,-3.148741651,360,360,1915,0,190.4,3,0
2011/9/24,19:45,1.5,1.5,0,-56,-3.522878745,360,360,972,0,190.4,2,0
2011/9/24,19:45,12,12,0,-56,-3.522878745,98,193,972,0,168.8,3,0
2011/9/25,5:30,30,30,0,-47,-3.13076828,98,193,788,0.008,168.8,2,0
2011/9/25,5:30,0.5,0.5,0,-47,-3.13076828,98,193,788,0,168.8,2,0
2011/9/25,5:30,2,2,0,-47,-3.13076828,39,203,788,0,136.6,3,0
2011/9/29,19:35,0.3,0.3,0,11,-4.568636236,39,203,485,0,136.6,2,0
2011/9/29,19:35,2,2,0,11,-4.568636236,10,42,485,0,136.9,3,0
2011/10/1,22:40,13,0,13,18,,360,360,575,0.0066,136.9,4,0
2011/10/1,20:45,0.3,0.3,0,6,-3.920818754,10,42,1238,0,136.9,2,0
2011/10/1,20:45,13,13,0,6,-3.920818754,252,109,1238,0,167.8,3,0
2011/10/21,13:15,35,35,0,79,-3.886056648,252,109,317,0.0065,167.8,2,0
2011/10/21,13:15,0.6,0.6,0,76,-3.886056648,252,109,317,0,167.8,2,0
2011/10/21,13:15,6,6,0,76,-3.886056648,360,360,317,0,164.1,3,0
2011/10/22,19:10,3067.2,3067.2,0,,,344,,,0,164.1,2,1
2011/10/22,19:35,2995.2,2995.2,0,,,344,,,0,164.1,2,1
2011/10/22,14:00,6,6,0,77,-3.886056648,360,360,129,0,160.4,2,0
2011/11/3,22:35,2.2,2.2,0,-61,-4.236572006,360,360,991,0,160.4,2,0
2011/11/3,22:35,3,3,0,-61,-4.236572006,360,360,991,0,180.2,3,0
2011/11/9,13:30,210,210,0,-35,-3.958607315,360,360,907,0.0004,180.2,2,0
2011/11/9,13:30,3.5,3.5,0,3,-3.958607315,360,360,907,0,180.2,2,0
2011/11/9,13:30,1,1,0,3,-3.958607315,360,360,907,0,132.8,3,0
2011/11/17,20:44,18,18,0,-120,,360,360,1041,0.004,147.7,2,0
2011/11/26,7:15,2445,2445,0,49,-4.920818754,360,360,933,0.00005,132.8,2,0
2011/11/26,8:15,370,370,0,49,-3.060480747,53,360,933,0.05,174.6,2+3,1
2011/11/26,8:45,3931.2,3931.2,0,49,-4.920818754,360,360,933,0.00005,132.8,2+3,1
2011/11/26,9:30,3873.6,3873.6,0,49,-4.920818754,360,360,933,0.00005,132.8,2+3,1
2011/11/26,11:25,840,840,0,21,-3.060480747,231,360,2175,0.00003,132.8,2+3,1
2011/11/26,7:15,40.8,40.8,0,87,-4.823908741,360,360,933,0,132.8,2,0
2011/11/26,7:15,18,18,0,87,-4.823908741,360,360,933,0,144.5,3,0
2011/12/21,3:00,315,315,0,-151,,360,360,1064,0.0004,144.5,2,0
2011/12/21,3:00,5.2,5.2,0,-4,-4.508638306,259,42,1064,0,142.8,2,0
2011/12/24,11:20,2.5,2.5,0,-66,-4.958607315,259,42,536,0,142.8,2,0
2011/12/24,11:20,1,1,0,-66,-4.958607315,130,8,536,0,144.3,3,0
2011/12/25,18:45,10,10,0,26,-3.397940009,247,125,366,0.007,144.3,2,0
2011/12/25,18:45,0.2,0.2,0,26,-3.397940009,130,8,366,,144.3,2,0
2011/12/25,18:45,17,17,0,26,-3.397940009,360,360,366,,134.7,3,0
2012/1/2,15:00,45,45,0,104,,360,360,1138,0.004,134.7,2,0
2012/1/2,15:00,0.8,0.8,0,,-4.619788758,360,360,639,0,134.7,2,0
2012/1/2,15:00,8,8,0,,-4.619788758,360,360,639,0,157,3,0
2012/1/16,16:35,820.8,820.8,0,,,10,,,0,139.7,2,1
2012/1/19,15:00,705,705,0,-22,-3.494850022,360,360,1120,0.0001,157,2,0
2012/1/19,15:00,11.8,11.8,0,-22,-3.494850022,360,360,1120,0,157,2,0
2012/1/19,15:00,4,4,0,-22,-3.494850022,360,360,1120,0,144.3,3,0
2012/1/23,4:00,2100,2100,0,21,-3.060480747,360,360,2175,0.00004,144.3,2,0
2012/1/23,4:45,1545,1545,0,21,-2.769551079,360,360,2175,0.04,175.3,2,1
2012/1/23,4:35,6033.6,6033.6,0,21,-3.060480747,360,360,2175,0.00004,144.3,2+3,1
2012/1/23,4:25,6033.6,6033.6,0,21,-3.060480747,360,360,2175,0.00004,144.3,2+3,1
2012/1/23,4:00,35,35,0,21,-3.060480747,360,360,2175,0,144.3,2,0
2012/1/23,4:00,20,20,0,21,-3.060480747,360,360,2175,0,141.7,3,0
2012/1/26,5:25,118,0,118,84,,360,360,1194,0.008,128.2,4,0
2012/1/27,18:30,615,615,0,71,-2.769551079,360,360,2508,0.00015,141.7,2,0
2012/1/27,18:45,95,0,95,78,-2.769551079,360,360,2508,0.008,141.7,4,0
2012/1/27,18:55,370,370,102,71,-2.26760624,360,360,2508,0.15,118.8,2+3+4,1
2012/1/27,19:05,420,420,153,71,-2.769551079,360,360,2508,0.00002,141.7,2+3+4,1
2012/1/27,9:10,4881.6,4881.6,87,71,-2.769551079,228,360,2508,0.00015,141.7,2+3+4,1
2012/1/27,9:00,4910.4,4910.4,80,71,-2.769551079,228,360,2508,0.00015,141.7,2+3+4,1
2012/1/27,18:30,10.2,10.2,0,71,-2.769551079,360,360,2508,0,141.7,2,0
2012/1/27,18:30,30,30,0,71,-2.769551079,360,360,2508,0,141.7,3,0
2012/1/27,18:45,1.6,1.6,0,71,-2.769551079,360,360,2508,0,141.7,2,0
2012/1/27,18:45,30,30,0,71,-2.769551079,243,11,2508,0,108.9,3,0
2012/2/24,10:30,10.5,10.5,0,,-6,360,360,411,0,120.1,2,0
2012/3/4,17:55,80,0,80,66,,360,360,1884,0.003771403,120.1,4,0
2012/3/4,11:15,1,1,0,-61,-3.698970004,360,360,1306,0,120.1,2,0
2012/3/4,11:15,1,1,0,-61,-3.698970004,360,360,1306,0,120.1,3,0
2012/3/4,12:15,4.8,4.8,0,-61,-3.698970004,360,360,1306,0,120.1,2,0
2012/3/4,12:15,3,3,0,-61,-3.698970004,360,360,1306,0,131.6,3,0
2012/3/5,4:00,500,500,0,-52,-2.958607315,360,360,1531,0.0004,131.6,2,0
2012/3/5,0:35,77,0,77,116,-2.958607315,360,360,1210,0.0087,131.6,4,0
2012/3/5,5:50,10929.6,10929.6,400,,,360,,,0.0004,131.6,2+3+4,1
2012/3/5,5:55,10843.2,10843.2,420,,,360,,,0.0004,131.6,2+3+4,1
2012/3/5,4:00,8.3,8.3,0,-52,-2.958607315,360,360,1531,0,131.6,2,0
2012/3/5,4:00,18,18,0,-52,-2.958607315,360,360,1531,0,131.6,3,0
2012/3/5,4:15,2.8,2.8,0,-52,-2.958607315,360,360,1531,0,131.6,2,0
2012/3/5,4:15,18,18,0,-52,-2.958607315,360,360,1531,0,135.7,3,0
2012/3/7,1:00,2520,2520,0,-27,-2.26760624,360,360,2684,0.00003,135.7,2,0
2012/3/7,2:50,1105,1105,0,-27,-3.102372909,360,360,2684,0.03,147.2,2+3,1
2012/3/7,1:00,42,42,0,-27,-2.26760624,360,360,2684,0,135.7,2,0
2012/3/7,1:00,22,22,0,-27,-2.26760624,360,360,2684,0,145.5,3,0
2012/3/9,4:10,115,115,0,3,-3.200659451,360,360,950,0.001,145.5,2,0
2012/3/9,0:45,46,0,46,-164,-3.200659451,360,360,1152,0.0021,145.5,4,0
2012/3/9,4:10,1.9,1.9,0,13,-3.200659451,360,360,950,0,145.5,2,0
2012/3/9,4:10,11,11,0,13,-3.200659451,360,360,950,0,148.9,3,0
2012/3/10,17:55,1115,1115,0,24,-3.075720714,360,360,1296,0.00003,148.9,2,0
2012/3/10,17:55,18.6,18.6,0,26,-3.075720714,360,360,1296,0,148.9,2,0
2012/3/10,17:55,3,3,0,26,-3.075720714,360,360,1296,0,140.7,3,0
2012/3/12,20:05,2664,2664,0,,,334,,,0,114.9,2,1
2012/3/13,17:35,385,385,0,66,-3.102372909,360,360,1884,0.0002,140.7,2,0
2012/3/13,23:30,0,0,0,-124,-3.102372909,360,360,1390,0.0146,140.7,4,0
2012/3/13,18:05,160,160,156,66,-3.292429824,360,360,1884,0.2,127.5,2+3+4,1
2012/3/13,18:10,155,155,187,66,-3.102372909,360,360,1884,0.000001,140.7,2+3+4,1
2012/3/13,18:45,3600,3600,495,,,334,,,0,114.9,2+3+4,1
2012/3/13,17:35,6.4,6.4,0,59,-3.102372909,360,360,1884,0,140.7,2,0
2012/3/13,17:35,34,34,0,59,-3.102372909,360,360,1884,0,102,3,0
2012/3/18,0:20,60,60,0,116,,360,360,1210,0.0002,102,2,0
2012/3/18,11:20,50,0,50,-61,,360,360,1306,0.0083,102,4,0
2012/3/18,0:20,1,1,0,25,-3.886056648,360,360,1210,0,102,2,0
2012/3/18,0:20,1,1,0,25,-3.886056648,360,360,1210,0,99.9,3,0
2012/3/21,7:30,0.5,0.5,0,77,-5.022276395,360,360,1178,0,99.9,2,0
2012/3/21,7:30,4,4,0,77,-5.022276395,360,360,1178,0,102.7,3,0
2012/3/24,0:40,600,600,0,-164,,360,360,1152,0.0003,102.7,2,0
2012/3/24,4:10,110,0,110,-52,,360,360,1531,0.0073,102.7,4,0
2012/3/24,0:40,10,10,0,-80,-6,360,360,1152,0,102.7,2,0
2012/3/24,0:40,28,28,0,-80,-6,85,165,1152,0,101.3,3,0
2012/3/25,4:50,0.8,0.8,0,-52,-4.602059991,85,165,778,0,101.3,2,0
2012/3/25,4:50,4,4,0,-52,-4.602059991,360,360,778,0,102.4,3,0
2012/3/26,23:15,40,40,0,-124,,360,360,1390,0.0015,102.4,2,0
2012/3/26,4:20,131,0,131,3,,360,360,950,0.0088,102.4,4,0
2012/3/26,23:15,0.7,0.7,0,,,360,360,1390,0,102.4,2,0
2012/3/26,23:15,6,6,0,,,80,7,1390,0,105.6,3,0
2012/3/27,21:45,45,45,0,100,,261,101,622,0.0015,105.6,2,0
2012/3/27,21:45,0.8,0.8,0,10,-6,60,126,723,0,107,2,0
2012/3/28,0:45,0.8,0.8,0,26,-5.102372909,273,114,664,0,98.5,2,0
2012/4/7,19:00,7.5,7.5,0,23,-4.619788758,273,114,452,0,98.5,2,0
2012/4/7,19:00,3,3,0,23,-4.619788758,360,360,452,0,94.5,3,0
2012/4/9,12:20,40,40,0,65,-4.408935393,360,360,921,0.005,94.5,2,0
2012/4/9,12:20,0.7,0.7,0,73,-4.408935393,360,360,921,0,94.5,2,0
2012/4/9,12:20,1,1,0,73,-4.408935393,79,173,921,0,101.7,3,0
2012/4/15,2:30,20,20,0,-90,-4.769551079,79,173,1220,0.004,101.7,2,0
2012/4/15,2:30,0.3,0.3,0,,-4.769551079,79,173,1220,0,101.7,2,0
2012/4/15,2:30,3,3,0,,-4.769551079,102,11,1220,0,113.8,3,0
2012/4/17,2:00,7,7,0,,,102,11,533,0,121.5,2,0
2012/4/18,10:25,8.3,8.3,0,18,-5.050609993,65,96,448,0,117.9,2,0
2012/4/27,16:10,1,1,0,-38,-4.698970004,65,96,681,0,117.9,2,0
2012/4/27,16:10,1,1,0,-38,-4.698970004,,,681,0,117.3,3,0
2012/5/6,2:55,3.1,3.1,0,90,-4.823908741,360,360,,0,136.3,2,0
2012/5/17,1:40,280,280,0,76,-3.292429824,360,360,1582,0.0003,136.3,2,0
2012/5/17,2:20,60,0,60,76,-3.292429824,252,54,1582,0.0127,136.3,4,0
2012/5/17,1:55,155,0,155,76,-3.168683297,360,360,1582,0.3,129.6,2+3+4,1
2012/5/17,2:10,140,0,140,76,-3.292429824,360,360,1582,0.02,136.3,2+3+4,1
2012/5/17,2:05,2203.2,0,2203.2,76,-3.292429824,360,360,1582,0.0003,136.3,2+3+4,1
2012/5/17,2:10,1670.4,0,1670.4,76,-3.292429824,360,360,1582,0.0003,136.3,2+3+4,1
2012/5/17,1:40,4.7,4.7,0,76,-3.292429824,360,360,1582,0,136.3,2,0
2012/5/17,1:40,2,2,0,76,-3.292429824,360,360,1582,0,110,3,0
2012/5/26,20:50,165,165,0,121,,360,360,1966,0.00028,110,2,0
2012/5/26,23:25,680,680,0,121,-3.721246399,360,360,1966,0.28,103.4,2+3,1
2012/5/26,20:50,2.5,2.5,0,,-5.200659451,360,360,1966,0,110,2,0
2012/5/26,20:50,13,13,0,,-5.200659451,248,79,1966,0,124.2,3,0
2012/5/27,5:35,310,310,0,121,,67,360,1966,0.025,110.7,2,1
2012/5/27,0:05,2001.6,2001.6,0,121,,360,,,0,110.7,2,1
2012/5/27,0:20,1425.6,1425.6,0,121,,360,,,0,110.7,2,1
2012/6/8,23:10,0.8,0.8,0,15,-6,248,79,673,0,124.2,2,0
2012/6/8,23:10,4,4,0,15,-6,351,12,673,0,128.3,3,0
2012/6/9,15:20,32.7,32.7,0,-74,-3.721246399,360,360,446,0,165.9,2,0
2012/6/14,23:25,2825,2825,0,-6,-2.958607315,194,360,987,0.85868323,105.4,2,1
2012/6/16,15:25,806.4,806.4,0,,,77,,,0,134.5,2,1
2012/7/2,8:50,38,0,38,-134,,360,360,1074,0.0123,165.9,4,0
2012/7/2,8:35,6.1,6.1,0,-1,-3.958607315,360,360,1074,0,165.9,2,0
2012/7/2,8:35,1,1,0,-1,-3.958607315,360,360,1074,0,163.2,3,0
2012/7/4,17:00,20,20,0,34,-3.744727495,360,360,662,0.008,163.2,2,0
2012/7/4,17:00,0.3,0.3,0,34,-3.744727495,360,360,662,0,163.2,2,0
2012/7/4,17:00,16,16,0,34,-3.744727495,220,94,662,0,164.6,3,0
2012/7/5,22:40,70,70,0,46,-3.795880017,220,94,980,0.0008,164.6,2,0
2012/7/5,22:40,1.2,1.2,0,46,-3.795880017,360,360,980,0,157.7,2,0
2012/7/6,23:10,270,270,0,59,-2.958607315,360,360,1828,0.0003,157.7,2,0
2012/7/6,23:10,4.5,4.5,0,51,-2.958607315,360,360,980,0,157.7,2,0
2012/7/6,23:10,20,20,0,51,-2.958607315,224,128,980,0,177.7,3,0
2012/7/7,0:05,460,460,0,59,-3.161150909,360,360,1828,0.3,144.2,2,1
2012/7/7,4:00,225,225,0,59,-2.958607315,278,360,1828,0.02,158.4,2,1
2012/7/7,2:25,4896,4896,0,59,-2.958607315,360,360,1828,0,158.4,2,1
2012/7/7,1:50,4766.4,4766.4,0,59,-2.958607315,360,360,1828,0,158.4,2,1
2012/7/8,16:35,325,325,0,74,-3.161150909,212,157,1495,0.0003,177.7,2,0
2012/7/8,18:10,500,500,0,74,-2.853871964,224,157,1497,0.3,140.6,2+3,1
2012/7/8,16:35,5.4,5.4,0,86,-3.161150909,224,128,1572,0,177.7,2,0
2012/7/8,16:35,38,38,0,86,-3.161150909,360,360,1572,0,165.4,3,0
2012/7/12,16:45,975,975,0,1,-2.853871964,360,360,885,0.00025,165.4,2,0
2012/7/12,17:25,300,300,0,1,-4.004364805,360,360,885,0.25,140.2,2+3,1
2012/7/12,18:35,230,230,0,1,-2.853871964,360,360,885,0.000003,165.4,2+3,1
2012/7/12,17:50,3772.8,3772.8,0,1,-2.853871964,360,360,885,0.00025,165.4,2+3,1
2012/7/12,19:25,3643.2,3643.2,0,1,-2.853871964,360,360,885,0.00025,165.4,2+3,1
2012/7/12,16:45,16.2,16.2,0,3,-2.853871964,360,360,1092,0,165.4,2,0
2012/7/12,16:45,8,8,0,3,-2.853871964,255,176,1092,0,127.5,3,0
2012/7/17,14:40,860,860,0,65,-4.004364805,255,176,958,0.00015,127.5,2,0
2012/7/17,15:30,870,870,0,65,-3.113509275,255,176,958,0.15,148.6,2+3,1
2012/7/17,17:15,765,765,0,65,-4.004364805,251,176,958,0.000001,127.5,2+3,1
2012/7/17,16:05,6926.4,6926.4,0,65,-4.004364805,251,176,958,0.00015,127.5,2+3,1
2012/7/17,15:55,6220.8,6220.8,0,65,-4.004364805,251,176,958,0.00015,127.5,2+3,1
2012/7/17,14:40,14.3,14.3,0,65,-3.769551079,255,176,958,0,127.5,2,0
2012/7/17,14:40,1,1,0,65,-3.769551079,360,360,958,0,109.5,3,0
2012/7/18,6:15,0.4,0.4,0,65,-4.522878745,360,360,873,0,109.5,2,0
2012/7/18,6:15,4,4,0,65,-4.522878745,360,360,873,0,100,3,0
2012/7/19,5:30,50,50,0,88,-3.113509275,360,360,1631,0.0006,100,2,0
2012/7/19,6:40,465,465,0,88,-3.168683297,360,360,1631,0.6,157.7,2+3,1
2012/7/19,2:50,3484.8,3484.8,0,88,-3.113509275,208,360,1631,0.0006,100,2+3,1
2012/7/19,6:25,2865.6,2865.6,0,88,-3.113509275,360,360,1631,0.0006,100,2+3,1
2012/7/19,5:30,0.8,0.8,0,88,-3.113509275,360,360,1631,0,100,2,0
2012/7/19,5:30,14,14,0,88,-3.113509275,360,360,1631,0,96.7,3,0
2012/7/23,2:30,1150,1150,0,132,,360,360,2003,0.00002,96.7,2,0
2012/7/23,8:00,825,825,0,132,-4.091514981,310.7073171,360,2003,0.02,167.7,2+3,1
2012/7/23,15:45,360,360,0,132,,214,360,2003,0.000015,96.7,2+3,1
2012/7/23,9:05,5025.6,5025.6,0,132,,34,360,2003,0.00002,96.7,2+3,1
2012/7/23,10:00,3110.4,3110.4,0,132,,34,360,2003,0.00002,96.7,2+3,1
2012/7/23,2:30,19.2,19.2,0,-78,-4.698970004,360,360,2003,0,96.7,2,0
2012/7/23,2:30,4,4,0,-78,-4.698970004,345,84,2003,0,112.3,3,0
2012/8/12,16:20,0.7,0.7,0,-5,-5.102372909,345,84,182,0,112.3,2,0
2012/8/12,16:20,5,5,0,-5,-5.102372909,360,360,182,0,94.2,3,0
2012/8/21,20:30,1.5,1.5,0,,-5.443697499,360,360,1024,0,94.2,2,0
2012/8/21,20:30,4,4,0,,-5.443697499,109,92,1024,0,94.8,3,0
2012/8/22,2:00,5.8,5.8,0,-41,-5.48148606,360,360,542,0,130.5,2,0
2012/8/31,20:00,225,225,0,-59,-4.091514981,360,360,1442,0.0004,130.5,2,0
2012/8/31,20:00,3.8,3.8,0,-42,-4.075720714,360,360,1442,0,130.5,2,0
2012/8/31,20:00,34,34,0,-42,-4.075720714,360,360,1442,0,128.6,3,0
2012/9/1,1:25,1165,1165,0,-59,-4.431798276,88,360,1442,0.4,196.6,2,1
2012/9/1,9:20,5169.6,5169.6,0,-59,-4.091514981,347,360,1442,0,145.6,2,1
2012/9/2,0:50,3556.8,3556.8,0,,-4.091514981,42,,,0,142.3,2,1
2012/9/8,9:45,2,2,0,29,-6,360,360,734,0,128.6,2,0
2012/9/8,9:45,3,3,0,29,-6,360,360,734,0,109.8,3,0
2012/9/19,15:35,0.9,0.9,0,*69,-4.585026652,360,360,525,0,117.4,2,0
2012/9/20,15:10,7.8,7.8,0,23,-6,360,360,1202,0,117.4,2,0
2012/9/20,15:10,10,10,0,23,-6,360,360,1202,0,133.2,3,0
2012/9/21,6:40,103,0,103,-134,,360,360,639,0.0108,116.9,4,0
2012/9/27,23:55,620,620,0,34,-4.431798276,360,360,947,0.00025,133.2,2,0
2012/9/27,10:30,5.8,5.8,0,,-5.124938737,360,360,1319,0,133.2,2,0
2012/9/27,10:30,8,8,0,,-5.124938737,,,1319,0,133.2,3,0
2012/9/27,23:55,10.3,10.3,0,34,-4.431798276,,,947,0,133.2,2,0
2012/9/27,23:55,1,1,0,34,-4.431798276,360,360,947,0,137.8,3,0
2012/9/28,1:20,205,205,0,34,-3.958607315,360,360,947,0.25,154.1,2+3,1
2012/9/28,1:35,2232,2232,0,34,-4.431798276,360,360,1179,0,137.8,2+3,1
2012/9/28,1:35,2289.6,2289.6,0,34,-4.431798276,360,360,1179,0,137.8,2+3,1
2012/9/28,10:20,0.4,0.4,0,30,-6,360,360,768,0,137.8,2,0
2012/9/28,10:20,5,5,0,30,-6,360,360,768,0,132.1,3,0
2012/10/14,0:40,0.6,0.6,0,-27,-4.823908741,360,360,987,0,132.1,2,0
2012/10/14,0:40,4,4,0,-27,-4.823908741,242,200,987,0,155.5,3,0
2012/10/22,1:50,565,565,0,-76,-3.886056648,83,243,496,0.0002,155.5,2,0
2012/10/22,1:50,9.4,9.4,0,-73,-4.795880017,360,360,304,0,126.7,2,0
2012/11/23,23:15,2.2,2.2,0,29,-5,66,231,304,0,95.5,2,0
2012/12/5,1:30,0.3,0.3,0,-65,-4.769551079,360,360,963,0,98.7,2,0
2013/1/16,22:00,210,210,0,64,-4.657577319,211,250,648,0.0002,137.1,2,0
2013/2/26,10:20,1.4,1.4,0,76,-5.167491087,360,360,987,0,118.4,2,0
2013/3/5,3:30,15,15,0,57,-3.920818754,360,360,1316,0,118.4,2,0
2013/3/5,3:30,13,13,0,57,-3.920818754,360,360,1316,0,114.3,3,0
2013/3/6,14:00,8,8,0,57,-5.050609993,360,360,111,0,123.1,2,0
2013/3/15,7:00,870,870,0,-12,-3.958607315,360,360,1063,0.0001,123.1,2,0
2013/3/15,19:40,1100,1100,0,-12,-3.187086643,360,360,1063,0.1,197.8,2+3,1
2013/3/15,7:00,14.5,14.5,0,-6,-3.958607315,360,360,1063,0,123.1,2,0
2013/3/15,7:00,4,4,0,-6,-3.958607315,116,9,1063,0,98.2,3,0
2013/3/16,3:35,2649.6,2649.6,0,-12,-3.958607315,20,360,1063,0,126,2,1
2013/3/16,3:50,2606.4,2606.4,0,,-3.958607315,20,360,1063,0,126,2,1
2013/3/23,5:00,45,0,45,139,,360,360,828,0.009,98.2,4,0
2013/3/23,1:30,11.5,11.5,0,59,-5.26760624,116,9,436,0,98.2,2,0
2013/3/23,1:30,5,5,0,59,-5.26760624,229,177,436,0,98.2,3,0
2013/3/23,12:30,3.5,3.5,0,66,-5.167491087,360,360,663,0,137.1,2,0
2013/4/11,7:10,470,470,0,-12,-3.187086643,360,360,861,0.0002,137.1,2,0
2013/4/11,8:25,500,500,0,-12,-2.920818754,360,360,861,0.2,153.3,2,1
2013/4/11,9:15,4219.2,4219.2,0,-12,-3.187086643,360,360,861,0.0002,137.1,2+3,1
2013/4/11,9:20,1972.8,1972.8,0,-12,-3.187086643,360,360,861,0.0002,137.1,2+3,1
2013/4/11,7:10,7.8,7.8,0,-13,-3.187086643,360,360,861,0,137.1,2,0
2013/4/11,7:10,4,4,0,-13,-3.187086643,284,199,861,0,105,3,0
2013/4/18,18:00,70,70,0,83,-4.187086643,284,199,495,0.004,105,2,0
2013/4/18,18:00,1.2,1.2,0,88,-4.187086643,284,199,495,0,105,2,0
2013/4/18,18:00,18,18,0,88,-4.187086643,80,50,495,0,159.2,3,0
2013/4/21,20:25,107,107,0,53,-4.568636236,255,212,562,0.0017,109.3,2,0
2013/4/25,8:35,67,0,67,127,,312,177,798,0.0063,119.2,4,0
2013/5/1,2:50,0.3,0.3,0,35,-4.017728767,80,50,762,0,159.2,2,0
2013/5/1,2:50,7,7,0,35,-4.017728767,360,360,762,0,150.3,3,0
2013/5/13,2:20,40,40,0,-90,-2.769551079,360,360,1270,0.002,150.3,2,0
2013/5/13,16:15,175,175,0,-85,-2.769551079,360,360,1850,0.0003,150.3,2,0
2013/5/13,5:15,36,0,36,165,-2.552841969,360,360,1040,0.0103,150.3,4,0
2013/5/13,2:20,0.7,0.7,0,-89,-2.769551079,360,360,1270,0,150.3,2,0
2013/5/13,2:20,2,2,0,-89,-2.769551079,360,360,1270,0,150.3,3,0
2013/5/13,16:15,2.9,2.9,0,-89,-2.552841969,360,360,1850,0.016,150.3,2,0
2013/5/13,16:15,27,27,0,-89,-2.552841969,360,360,1850,0.016,145.6,3,0
2013/5/14,1:16,424,424,0,-77,-2.494850022,360,360,2625,0.00024,147.9,2,0
2013/5/14,10:45,80,0,80,-151,-2.494850022,360,360,1405,0.0075,147.9,4,0
2013/5/15,1:49,368,368,0,-64,-2.920818754,360,360,1366,0.00023,145.6,2,0
2013/5/15,6:35,3045,3045,0,-64,-3.301029996,101,360,1366,0.23,218.2,2,1
2013/5/15,10:00,7891.2,7891.2,0,-64,-2.920818754,307,360,1366,0.00023,145.6,2,1
2013/5/15,9:15,2044.8,2044.8,0,-64,-2.920818754,307,360,1366,0.00023,145.6,2,1
2013/5/15,13:25,3115,3115,0,-64,-2.920818754,143,360,1366,0.00002,147.3,2,1
2013/5/15,4:03,3,3,0,,-2.920818754,360,360,1366,,133.4,2,0
2013/5/22,13:10,2450,2450,0,70,-3.301029996,360,360,1466,0.00015,133.4,2,0
2013/5/22,14:20,990,990,0,70,-3.537602002,308,360,1466,0.15,131.2,2+3,1
2013/5/22,14:20,3355.2,3355.2,0,70,-3.301029996,360,360,1466,0.00015,133.4,2+3,1
2013/5/22,14:20,990,990,0,70,-3.301029996,360,360,1466,0.000002,133.4,2+3,1
2013/5/22,13:10,35.8,35.8,0,,-3.301029996,360,360,1466,0.016,133.4,2,0
2013/5/22,13:10,26,26,0,,-3.301029996,,,1466,0.016,,3,0
2013/6/21,3:35,100,100,0,-73,-3.537602002,123,207,1900,0.002,133.2,2,0
2013/6/23,8:30,1010,1010,0,-73,-4.886056648,34,207,1900,2,122.5,2,1
2013/6/23,20:14,546,546,0,-73,-3.537602002,132,207,1900,0.00002,128.2,2,1
2013/6/28,1:53,93,93,0,19,-4.356547324,360,360,1037,0.0004,101,2,0
2013/7/4,20:57,30,30,0,-62,-4.167491087,111,188,468,0.0029,137.7,2,0
2013/8/6,2:01,10,10,0,-25,-5.346787486,48,207,441,0.011,103.9,2,0
2013/8/17,20:25,400,400,0,30,-3.853871964,360,360,1202,0.00015,149.7,2,0
2013/8/30,2:34,1526,1526,0,-46,-4.080921908,360,360,949,0.00005,107.5,2,0
2013/9/6,22:29,5,5,0,-104,,90,182,734,0.002,101.3,2,0
2013/9/29,21:53,1387,1387,0,29,-4.886056648,360,360,1179,0.00006,103.1,2,0
2013/9/30,0:25,1180,1180,0,29,-3.168683297,75,360,1179,0.06,145,2,1
2013/10/2,20:46,24,24,0,85,-4.920818754,309,263,619,0.0052,108.1,2,0
2013/10/5,7:00,466,466,0,-118,,360,360,964,0.0002,105.9,2,0
2013/10/11,7:23,260,260,0,-103,,360,360,1200,0.0001,129,2,0
2013/10/13,18:47,628,628,0,29,,220,83,293,0.0006,129.3,2,0
2013/10/22,21:33,35,35,0,1,-3.37675071,360,360,459,0.00065,146.3,2,0
2013/10/25,15:08,444,444,0,-69,-2.677780705,360,360,1081,0.0002,161.4,2,0
2013/10/26,3:01,59,59,0,44,-4.346787486,271,208,473,0.0002,171.8,2,0
2013/10/26,9:34,36,36,0,49,-3.886056648,286,141,460,0.005,171.8,2,0
2013/10/27,18:12,24,24,0,70,-4.040958608,308,189,795,0.0017,166.9,2,0
2013/10/28,4:41,430,430,0,71,-3.292429824,315,156,1201,0.0002,159.9,2,0
2013/10/28,15:24,5,5,0,-28,-3.356547324,360,360,812,0.009,159.9,2,0
2013/11/2,18:05,63,0,63,125,,360,360,1118,0.011,141.6,4,0
2013/11/2,10:40,52,0,52,-101,,124,360,1101,0.0027,141.6,4,0
2013/11/4,5:10,170,170,0,165,,360,360,1040,0.00045,147.3,2,0
2013/11/4,12:55,250,0,250,169,,229,177,663,0.009,147.3,4,0
2013/11/7,10:26,614,614,0,-151,,360,360,1405,0.0001,148,2,0
2013/11/7,0:45,35,0,35,149,,232,161,392,0.004,148,4,0
2013/11/19,10:39,581,581,0,70,-3,360,360,740,0.0001,152.9,2,0
2013/11/29,22:18,662,662,0,183,,251,188,465,0.0001,128.5,2,0
2013/12/5,12:45,15,15,0,-119,,133,148,549,0.0016,149.6,2,0
2013/12/5,20:48,47,47,0,11.0059453,,293.0108565,275.6763285,1151.432854,0.0025,149.6,2,0
2013/12/7,7:43,53,53,0,49,-3.920818754,360,360,1085,0.003,156.9,2,0
2013/12/12,3:55,1055,1055,0,46,-4.337242168,214,276,1002,0.00007,164.8,2,0
2013/12/20,8:23,301,301,0,93,,255,26,337,0.0004,149.2,2,0
2013/12/28,17:31,34,34,0,125,,360,360,1118,0.0005,134.5,2,0
2013/12/28,2:25,38,0,38,-89,,360,360,1270,0.0046,134.5,4,0
2013/12/28,19:00,255,255,500,125,-4.677780705,310.7073171,360,1118,0.5,198.2,2+4,1
2013/12/31,1:30,47,0,47,-77,,293.0108565,360,2625,0.009,145.3,4,0
2014/1/4,17:41,66,66,0,11.0059453,,293.0108565,275.6763285,1151.432854,0.0001,262,2,0
2014/1/4,19:03,837,837,0,11.0059453,,293.0108565,275.6763285,1151.432854,0.0001,262,2,0
2014/1/4,16:35,32,0,32,-58,-1.552841969,360,360,1087,0.0079,262,4,0
2014/1/6,7:57,873,873,0,112,,360,360,1402,0.00008,203.9,2,0
2014/1/6,19:50,196,0,196,-34,-3.823908741,360,360,977,0.0067,203.9,4,0
2014/1/6,8:15,465,465,94,112,-2.920818754,360,360,1402,0.08,160.3,2+4,1
2014/1/7,18:27,1593,1593,0,11,-2.920818754,360,360,1830,0.00006,237.1,2,0
2014/1/7,8:20,37,0,37,112,-2.920818754,360,360,1402,0.0092,237.1,4,0
2014/1/7,19:55,1305,1305,961,11,-3.522878745,360,360,1830,0.06,179.2,2+4,1
2014/1/20,22:24,12,12,0,-67,-4.443697499,360,360,721,0.008,137.4,2,0
2014/1/30,18:34,102,0,102,11,,360,360,1830,0.0071,160.5,4,0
2014/2/12,23:00,68,0,68,124,-3.508638306,360,360,872,0.0071,160.1,4,0
2014/2/14,8:55,62,0,62,142,-4.017728767,360,360,1165,0.0091,166.6,4,0
2014/2/18,2:16,35,35,0,43,,360,360,779,0.0009,151.4,2,0
2014/2/19,5:00,55,0,55,-153,,360,360,612,0.0136,157.7,4,0
2014/2/20,8:05,24,24,0,73,-3.744727495,360,360,948,0.0077,156.4,2,0
2014/2/20,3:20,60,0,60,-143,-3.522878745,360,207,993,0.011,156.4,4,0
2014/2/20,8:15,70,70,84,73,-2.30980392,360,360,948,7.7,143.1,2+4,1
2014/2/20,8:50,45,45,92,73,-3.522878745,360,360,948,0.02,156.4,2+4,1
2014/2/21,16:10,0,0,0,-121,,360,360,1252,0.014,156.8,4,0
2014/2/25,0:56,632,632,0,-82,-2.30980392,360,360,2147,0.0001,173.9,2,0
2014/2/25,3:50,1220,1220,0,-82,-3.13667714,360,360,2147,0.1,191.9,2,1
2014/3/4,18:24,106,106,0,170,,360,360,794,0.002,158,2,0
2014/3/5,13:33,217,217,0,-180,,360,360,828,0.0005,149.1,2,0
2014/3/25,7:52,218,218,0,130,,261,223,651,0.0004,152.8,2,0
2014/3/29,0:12,36,36,0,23,-3.585026652,325,138,514,0.0022,142.7,2,0
2014/3/29,17:59,959,959,0,152,,360,360,528,0.0002,142.7,2,0
2014/4/2,13:42,1108,1108,0,-53,-3.187086643,360,360,1471,0.00006,154.7,2,0
2014/4/2,18:49,711,711,0,-60,-4.27572413,293.0108565,275.6763285,1151.432854,0.0002,154.7,2,0
2014/4/4,14:02,5,5,0,-26,-4.080921908,54,96,467,0.011,156.9,2,0
2014/4/18,13:05,585,585,0,34,-3.13667714,360,360,1203,0.00015,172.3,2,0
2014/4/18,13:40,790,790,0,34,-2.795880017,360,360,1203,0.15,217.9,2,1
2014/5/7,16:24,414,414,0,100,,360,360,923,0.0002,145.9,2,0
2014/5/8,3:21,125,125,0,108,,360,360,847,0.0011,148.1,2,0
2014/5/9,2:40,110,110,0,122,,360,360,1099,0.0005,152.3,2,0
2014/5/10,4:32,245,245,0,136,,360,360,1086,0.0004,152.1,2,0
2014/5/10,4:55,28,0,28,136,,360,360,1086,0.0095,152.1,4,0
2014/6/10,12:58,122,122,0,-82,-2.823908741,360,360,1469,0.001,166.2,2,0
2014/6/12,22:14,21,21,0,55,-3.508638306,233,186,684,0.006,174.5,2,0
2014/6/15,7:35,74,0,74,91,-2.455931956,284,62,523,0.0045,130.2,4,0
2014/7/30,7:44,16,16,0,-30,-4.823908741,13,254,700,0.0045,151.9,2,0
2014/8/1,18:58,602,602,0,-11,-3.823908741,360,360,789,0.00015,168.4,2,0
2014/8/22,10:37,41,41,0,-1,-4.657577319,360,360,600,0.006,126.4,2,0
2014/8/25,15:20,42,42,0,36,-3.698970004,360,360,555,0.004,151.5,2,0
2014/8/25,20:43,17,17,0,43,-3.408935393,273,177,711,0.0072,151.5,2,0
2014/8/28,17:05,303,303,0,-162,,360,360,766,0.0006,118.6,2,0
2014/8/28,17:55,54,0,54,-162,,277,360,766,0.0114,118.6,4,0
2014/9/1,11:12,533,533,0,-127,,360,360,1901,0.00015,126.6,2,0
2014/9/1,11:35,96,0,96,-127,,360,360,1901,0.0066,126.6,4,0
2014/9/1,16:15,63,0,63,-109,,91,92,846,0.0095,126.6,4,0
2014/9/1,22:30,23,0,23,-113,,360,360,1404,0.0051,126.6,4,0
2014/9/9,0:05,775,775,0,-29,-3.346787486,360,360,920,0.0001,159.3,2,0
2014/9/9,18:08,121,0,121,-2,-3.346787486,360,360,1267,0.0119,159.3,4,0
2014/9/10,17:45,1095,1095,0,-2,-2.795880017,360,360,1267,0.0001,174.6,2,0
2014/9/10,7:50,110,0,110,-148,-2.795880017,360,360,773,0.0123,174.6,4,0
2014/9/10,21:35,2180,2180,2000,-2,-3.168683297,360,360,1267,0.1,159.1,2+4,1
2014/9/20,5:10,20,20,0,89,,292,87,426,0.0097,119.1,2,0
2014/9/22,6:13,37,37,0,142,,342,252,618,0.0049,135.8,2,0
2014/9/23,23:41,6,6,0,-33,,109,134,331,0.012,138.2,2,0
2014/9/23,0:35,119,0,119,-29,-3.638272164,360,360,920,0.0079,138.2,4,0
2014/9/24,20:54,174,174,0,-179,,360,360,1350,0.0005,144.7,2,0
2014/10/2,21:34,22,22,0,82,-3.13667714,264,159,513,0.0019,149,2,0
2014/10/10,18:11,22,22,0,51,-4.522878745,309,210,782,0.0015,120.8,2,0
2014/10/21,12:33,28,28,0,-36,-4.356547324,152,142,260,0.0089,199,2,0
2014/11/1,13:55,1155,1155,0,79,-3.920818754,310.7073171,160,740,0.85868323,201.7,2,1
2014/11/8,16:57,21,21,0,90,,305,141,426,0.0078,132,2,0
2014/12/13,14:27,24,24,0,143,,360,360,2222,0.0039,159.8,2,0
2014/12/17,4:09,10,10,0,-33,-3.958607315,107,108,869,0.0021,198.5,2,0
2014/12/17,5:00,9,9,0,-9,-3.060480747,360,360,587,0.0115,198.5,2,0
2014/12/18,22:31,23,23,0,-15,-3.161150909,360,360,1195,0.0013,213.2,2,0
2014/12/21,12:05,23,23,0,25,-4,360,360,669,0.0074,205.8,2,0
2015/3/3,2:33,4,4,0,90,-3.086186148,329,213,764,0.0036,125.1,2,0
2015/3/6,8:00,210,210,0,-87,-3.823908741,83,155,880,0.0002,127.4,2,0
2015/3/10,0:10,17,17,0,-45,-3.236572006,360,360,995,0.0062,120.9,2,0
2015/3/11,10:30,260,260,0,-23,-3.585026652,62,93,530,0.00025,131.7,2,0
2015/3/24,9:00,167,167,0,90,,360,360,1794,0.0004,133,2,0
2015/4/26,3:21,12,12,0,90,,360,360,820,0.0046,118.5,2,0
2015/5/5,22:24,50,50,0,-79,-2.568636236,360,360,715,0.0005,127.8,2,0
2015/5/12,3:00,4,4,0,92,-4.585026652,286,250,772,0.0064,163.2,2,0
2015/6/9,20:23,132,132,0,-25,-4.552841969,77,262,1036,0.0002,136.5,2,0
2015/6/14,5:26,15,15,0,34,-4.229147988,199,195,1228,0.00125,131.7,2,0
2015/6/18,17:42,118,118,0,-50,-3.522878745,360,360,1305,0.0005,150.8,2,0
2015/6/18,4:35,610,610,0,81,-3.585026652,67,195,1714,0.85868323,154.7,2,1
2015/6/21,2:33,1127,1127,0,-16,-3.698970004,360,360,1366,0.00015,131.7,2,0
2015/6/21,14:14,27,0,27,4,-3.698970004,360,360,578,0.0059,131.7,4,0
2015/6/21,4:05,1795,1795,542,-16,-3.102372909,360,360,1366,0.15,163.2,2+4,1
2015/6/22,18:20,215,215,0,8,-3.187086643,360,360,1209,0.0003,246.9,2,0
2015/6/22,2:59,60,0,60,-16,-3.187086643,360,360,1366,0.0095,246.9,4,0
2015/6/25,8:35,475,475,0,42,-3.102372909,360,360,1627,0.00015,101.8,2,0
2015/6/25,18:57,111,0,111,8,-3.102372909,360,360,1209,0.0108,101.8,4,0
2015/6/25,10:05,1645,1645,62,42,-3.168683297,360,360,1627,0.15,210.7,2+4,1
2015/6/26,3:50,1240,1240,0,42,-3.102372909,259,360,1627,0.000002,101.2,2,1
2015/7/1,16:08,279,279,0,90,,360,360,1435,0.00015,109.6,2,0
2015/8/22,7:07,11,11,0,-13,-3.920818754,360,360,547,0.0073,116.9,2,0
2015/9/18,4:54,298,298,0,10,-4.585026652,201,131,823,0.0004,102.8,2,0
2015/9/20,18:23,443,443,0,24,-3.677780705,360,360,1239,0.0003,110.4,2,0
2015/9/20,8:36,24,0,24,42,-3.677780705,360,360,1627,0.0053,110.4,4,0
2015/10/29,3:05,415,415,0,120,-3.638272164,259,202,530,0.85868323,140.7,2,1
2015/11/4,14:07,67,67,0,4,-3.431798276,360,360,578,0.00044,113.8,2,0
2015/11/4,18:12,85,0,85,50,-3.431798276,360,360,1239,0.0029,113.8,4,0
2015/11/9,13:21,6,6,0,-41,-3.408935393,142,273,1041,0.009,107.6,2,0
2015/12/16,8:45,12,12,0,4,-4.180456064,360,360,579,0.0038,126.2,2,0
2015/12/23,1:18,5,5,0,-63,-3.327902142,98,89,520,0.0067,133.9,2,0
2015/12/28,11:50,595,595,0,11,-3.744727495,360,360,1212,0.00018,112.1,2,0
2016/1/2,0:55,133,133,0,82,-3.638272164,360,360,1730,0.0003,100,2,0
2016/1/2,0:15,275,275,0,82,-3.619788758,360,360,1730,0.3,138.6,2,1
2016/2/5,22:35,56,56,0,29,,193,155,445,0.0005,119.7,2,0
2016/2/21,12:00,100,0,100,155,,360,360,533,0.0099,95.6,4,0
2016/4/18,0:55,58,0,58,11.0059453,,275,162,1084,0.0042,94.6,4,0
2016/5/4,14:20,14,14,0,61,-4.886056648,255,134,390,0.0105,90.1,2,0
2016/8/15,18:21,7,7,0,-97,,75,98,633,0.0034,87.6,2,0
2017/4/23,6:00,13,13,0,-41,,85,77,955,0.0083,82.5,2,0
2017/7/14,1:18,1212,1212,0,29,-3.619788758,360,360,1200,0.00007,93.9,2,0
2017/7/14,4:40,1060,1060,0,29,-3.259637311,360,360,1200,0.07,173.6,2,1
2017/7/23,5:27,45,45,0,151,,360,360,1848,0.0009,70.6,2,0
2017/9/4,20:27,507,507,0,12,-3.259637311,360,360,1418,0.00021,182.5,2,0
2017/9/4,22:30,1250,1250,0,12,-2.031517051,360,360,1418,0.21,170.2,2,1
2017/9/6,12:05,1195,1195,0,33,-2.031517051,360,360,1571,0.00007,132.9,2,0
2017/9/6,12:35,1370,1370,0,33,-2.086186148,360,360,1571,0.07,159.9,2,1
2017/9/10,16:02,888,888,0,92,-2.086186148,360,360,3163,0.00015,100.2,2,0
2017/9/10,16:25,1155,1155,0,92,-4.026872146,360,360,3163,0.15,156,2,1
2017/9/12,7:38,5,5,0,-48,-4.522878745,124,96,252,0.013,75.5,2,0
2017/9/16,11:55,256,0,256,177,,112,8,325,0.0034,72.1,4,0
2017/9/17,11:45,50,50,0,-170,,360,360,1385,0.0009,72.2,2,0
2017/9/17,12:05,55,0,55,-70,,360,360,1385,0.0079,72.2,4,0
2017/10/18,5:48,412,412,0,-123,,85,146,1001,0.0004,73.2,2,0
2019/5/3,23:52,24,24,0,-82,-5,90,113,692,0.0023,69.8,2,0
2020/11/29,13:07,136,136,0,-89,-3.356547324,360,360,2077,0.00085,116.3,2,0
2020/12/7,16:18,582,582,0,8,-4.13076828,360,360,1407,0.00016,89.5,2,0
2021/4/17,16:56,3,3,0,-113,,101,146,763,0.0087,75.3,2,0
2021/4/19,23:49,48,48,0,-25,-3.958607315,85,107,427,0.0023,80.4,2,0
2021/5/7,19:16,11,11,0,-78,-3.408935393,76,114,754,0.0075,74.5,2,0
2021/5/28,23:09,447,447,0,63,-4.026872146,245,197,971,0.00012,77.4,2,0
2021/5/29,0:05,195,195,0,63,-3,90,197,971,0.12,219,2,1
2021/7/13,18:39,11,11,0,-90,,360,360,1101,0.0011,72,2,0
2021/7/15,22:04,33,33,0,-90,,360,360,1476,0.0016,73.5,2,0
2021/7/24,0:31,14,14,0,-52,-4.193820026,108,160,587,0.007,83.9,2,0
2021/8/26,18:39,81,81,0,-14,-4.522878745,360,360,644,0.00125,88.6,2,0
2021/9/8,0:21,4,4,0,39,-4.638272164,211,40,592,0.0115,100.4,2,0
2021/9/28,6:37,29,29,0,43,-4.795880017,206,265,524,0.0065,88.9,2,0
2021/10/9,6:51,48,48,0,-9,-3.795880017,360,360,712,0.0041,81,2,0
2021/10/28,15:37,68,68,0,1,-3,360,360,1519,0.0005,112.7,2,0
2021/10/28,16:05,645,645,0,1,-3.259637311,360,360,1519,0.5,214.9,2,1
2021/11/1,1:45,21,21,0,45,-3.823908741,201,274,753,0.0067,97.6,2,0
2021/11/2,2:36,249,249,0,-4,-3.769551079,360,360,1473,0.00034,96,2,0
2021/11/9,17:04,24,24,0,99,-3.698970004,279,176,1350,0.004,91.4,2,0
2022/1/12,4:39,45,45,0,-115,,360,360,1586,0.0037,103.2,2,0
2022/1/18,17:57,13,13,0,54,-3.823908741,294,153,1014,0.007,114.5,2,0
2022/1/20,6:02,39,39,0,68,-3.259637311,270,211,1431,0.0022,99.3,2,0
2022/1/20,23:31,12972,12972,0,-6,-3.958607315,360,360,530,0.0061,99.3,2,0
2022/1/20,6:25,230,230,0,68,-3.397940009,270,360,1431,2.2,177.8,2,1
2022/1/29,23:35,207,0,207,-6,,360,360,530,0.01,125.3,4,0
2022/2/6,13:15,4,4,0,7,-4.508638306,360,360,334,0.011,123.6,2,0
2022/2/12,9:08,8,8,0,84,-3.853871964,268,102,280,0.0095,110.5,2,0
2022/2/13,2:32,7,7,0,90,,280,114,332,0.011,105.4,2,0
2022/2/15,22:22,27,27,0,-90,,360,360,1905,0.0005,114.3,2,0
2022/3/12,3:13,25,25,0,63,-3.657577319,242,112,506,0.00075,124.7,2,0
2022/3/25,5:35,8,8,0,-37,-3.853871964,360,369,495,0.005,112.4,2,0
2022/3/28,11:45,185,185,0,4,-2.886056648,360,360,702,0.85868323,205.1,2,1
2022/3/30,18:00,46,0,46,31,-2.886056648,360,360,641,0.0122,151.3,4,0
2022/3/30,19:15,675,0,675,31,-3.408935393,360,360,641,0.85868323,211.3,4,1
2022/3/31,19:27,29,29,0,47,-3.017728767,360,360,489,0.0018,239.5,2,0
2022/4/2,13:33,92,92,0,68,-3.408935393,360,360,1433,0.0007,143.3,2,0
2022/4/2,13:50,130,130,0,68,-3.318758763,360,360,1433,0.7,208.8,2,1
2022/4/11,5:31,39,39,0,-6,-4.795880017,360,360,940,0.0043,98.7,2,0
2022/4/15,13:20,22,22,0,-107,-3.657577319,93,212,796,0.00125,110.3,2,0
2022/4/21,2:20,2,2,0,-23,-3.017728767,38,90,357,0.012,164.4,2,0
2022/4/27,15:54,191,191,0,16,-4.119186408,291,127,807,0.0004,141.5,2,0
2022/4/29,7:36,44,44,0,37,-3.920818754,272,245,1292,0.00045,123.5,2,0
2022/4/30,13:58,3,3,0,90,-2.958607315,260,187,498,0.0115,119.7,2,0
2022/5/8,22:50,42,42,0,-88,-4.677780705,94,175,602,0.0012,119.2,2,0
2022/5/11,18:35,4,4,0,-41,-3.795880017,101,73,534,0.0033,132.9,2,0
2022/5/11,18:47,7,7,0,90,-3.585026652,237,194,1100,0.0077,132.9,2,0
2022/5/28,16:08,3,3,0,-90,,134,187,568,0.0125,101.8,2,0
2022/6/13,3:31,152,152,0,-53,-3.468521083,360,360,1150,0.0018,131.5,2,0
2022/7/5,4:23,9,9,0,18,-4.008773924,237,259,747,0.0105,109.4,2,0
2022/7/8,20:30,21,21,0,-40,-3.602059991,360,360,1223,0.0014,129.6,2,0
2022/7/8,21:25,62,0,62,-40,-3.602059991,266,35,1223,0.0092,129.6,4,0
2022/7/9,13:57,78,78,0,84,-4.070581074,261,148,1034,0.0044,136.9,2,0
2022/7/21,1:32,48,48,0,2,-4.251811973,360,360,875,0.001,121.7,2,0
2022/8/18,11:21,11,11,0,37,-3.823908741,360,360,1327,0.008,116.5,2,0
2022/8/18,11:15,28,0,28,37,-3.443697499,360,360,1327,0.011,116.5,4,0
2022/8/26,14:08,20,20,0,58,-3.318758763,266,184,737,0.0018,118.6,2,0
2022/8/27,3:37,563,563,0,58,-2.958607315,360,360,1284,0.00014,127.5,2,0
2022/8/27,2:30,56,0,56,58,-3.318758763,360,360,1284,0.011,127.5,4,0
2022/8/27,6:45,335,335,256,58,-3.200659451,286,360,1284,0.14,167.7,2+4,1
2022/8/28,16:21,110,0,110,85,,360,360,1232,0.0064,251.9,4,0
2022/9/29,12:15,46,46,0,-111,-4.244125144,105,197,416,0.0031,137.2,2,0
2022/10/2,6:40,22,22,0,90,,302,116,239,0.0013,153.9,2,0
2022/10/2,20:27,15,15,0,50,-3,360,360,1086,0.001,153.9,2,0
2022/10/4,13:26,4,4,0,66,-3.795880017,314,67,1089,0.0058,152.4,2,0
2023/1/3,6:35,5,5,0,-90,-4.494850022,360,360,1129,0.011,148.5,2,0
2023/1/11,1:25,67,0,67,-66,,67,89,1083,0.0123,195.1,4,0
2023/1/12,23:21,21,21,0,90,,250,198,1075,0.004,211.6,2,0
2023/1/19,22:06,107,107,0,90,,307,81,1073,0.002,226.1,2,0
2023/2/11,12:00,380,380,0,-24,,360,360,1498,0.00019,209.5,2,0
2023/2/17,20:30,495,495,0,-64,-2.657577319,360,360,1315,0.00018,343.1,2,0
2023/2/21,20:23,6,6,0,-90,,55,69,413,0.0027,160.9,2,0
2023/2/24,20:41,32,32,0,28,-3.431798276,360,360,1336,0.0013,164.1,2,0
2023/2/25,20:35,1181.871658,1181.871658,0,43,-3.168683297,360,360,1170,0.85868323,129.8,2,1
2023/3/3,18:14,78,78,0,80,-2.677780705,360,360,709,0.0011,190.9,2,0
2023/3/6,17:43,16,0,16,53,,360,360,948,0.0114,188,4,0
2023/3/13,3:41,369,369,0,-90,,360,360,1699,0.0002,143.3,2,0
2023/3/13,10:36,17,17,0,-7,-4.508638306,326,123,1015,0.0012,143.3,2,0
2023/3/13,10:36,1181.871658,1181.871658,0,-7,-3.168683297,326,123,1015,1.2,137,2,1
2023/3/13,4:25,2880,2880,0,-90,-3.769551079,310.7073171,360,1669,0.2,137,2,1
2023/3/20,15:00,82,82,0,-26,-4.356547324,360,360,727,0.0017,156.1,2,0
2023/3/28,0:08,22,22,0,90,,298,227,622,0.0056,158.7,2,0
2023/4/21,18:06,260,260,0,11,-3.769551079,360,360,1284,0.00024,151.2,2,0
2023/4/21,8:00,20,0,20,63,-3.769551079,86,115,1018,0.0143,151.2,4,0
2023/4/22,2:10,1150,1150,0,11,-3.795880017,310.7073171,360,1284,0.24,258.7,2,1
2023/4/27,3:01,134,134,0,-56,-4.585026652,245,68,817,0.0009,140.8,2,0
2023/5/3,7:36,12,12,0,83,-4.017728767,207,32,330,0.0008,156.2,2,0
2023/5/4,9:42,73,73,0,-43,-3.408935393,360,360,810,0.0004,162,2,0
2023/5/5,8:04,46,46,0,-32,-3.677780705,360,360,770,0.0013,161.9,2,0
2023/5/5,11:04,59,0,59,11.0059453,-3.677780705,233,45,479,0.0126,161.9,4,0
2023/5/7,22:57,73,73,0,6,-3.795880017,360,360,1075,0.0006,157.2,2,0
2023/5/8,1:50,1440,1440,0,5,-3.37675071,310.7073171,360,1075,0.6,204.3,2,1
2023/5/9,18:51,89,89,0,31,-3.37675071,360,360,1209,0.00125,194.7,2,0
2023/5/9,18:24,36,0,36,11,,360,360,1284,0.0097,194.7,4,0
2023/5/9,22:35,855,855,463,31,-3.168683297,360,360,1209,1.25,189.4,2+4,1
2023/6/9,8:06,28,,28,-32,,360,360,720,0.0034,164.3,4,0
2023/6/17,10:37,5,5,0,-85,,113,154,570,0.0055,158.1,2,0
2023/6/20,17:54,36,36,0,-73,-2.958607315,360,360,1113,0.002,180.1,2,0
2023/7/4,4:21,79,79,0,-12,,149,276,535,0.0012,167.2,2,0
2023/7/10,3:53,667,667,0,49,-3.619788758,360,360,1160,0.00027,190.6,2,0
2023/7/11,19:58,83,83,0,-7,,360,360,826,0.0024,213.5,2,0
2023/7/11,19:17,33,0,33,31,,85,360,1209,0.0142,213.5,4,0
2023/7/14,19:53,34,34,0,-12,-4.055517328,188,216,862,0.0034,180.6,2,0
2023/7/15,8:59,5,5,0,122,-4.337242168,234,62,983,0.0021,178.5,2,0
2023/7/15,20:11,62,62,0,130,,360,360,1815,0.0014,178.5,2,0
2023/7/16,5:43,27,27,0,132,,360,360,1970,0.0011,184.3,2,0
2023/7/16,13:48,17,17,0,140,,360,360,1829,0.0018,184.3,2,0
2023/7/16,14:10,53,53,0,140,,360,360,1829,0.0016,184.3,2,0
2023/7/16,5:45,110,110,0,90,-3.244125144,310.7073171,360,1970,1.1,186.4,2,1
2023/7/17,23:44,371,371,0,78,-3.244125144,360,360,1385,0.00016,180,2,0
2023/7/17,18:13,91,0,91,-48,-3.244125144,88,199,651,0.0093,180,4,0
2023/7/18,0:20,355,355,0,78,-3.387216143,310.7073171,360,1385,0.16,192.7,2,1
2023/7/28,15:57,16,16,0,105,-3.387216143,360,360,1896,0.0063,168.2,2,0
2023/7/28,17:25,550,550,0,105,-3.795880017,360,360,1896,6.3,199.2,2,1
2023/8/1,20:26,19,19,0,-58,-4.283996656,67,110,470,0.00105,174.7,2,0
2023/8/2,8:22,12,12,0,27,-4.031517051,360,360,572,0.0057,172.9,2,0
2023/8/5,7:02,57,57,0,63,-3.795880017,360,360,1000,0.0022,175.8,2,0
2023/8/5,22:27,93,93,0,77,-3.795880017,360,360,1647,0.0005,175.8,2,0
2023/8/5,19:30,284,0,284,-87,-2.795880017,360,360,826,0.0038,175.8,4,0
2023/8/5,8:35,550,550,148,63,-2.823908741,360,360,1000,2.2,193.1,2+4,1
2023/8/6,20:03,63,63,0,86,-3.259637311,242,236,1182,0.0023,173.5,2,0
2023/8/6,23:52,105,0,105,78,-3.259637311,360,360,1385,0.007,173.5,4,0
2023/8/7,21:02,44,44,0,103,-2.823908741,360,360,1851,0.00185,169.7,2,0
2023/8/7,21:40,1605,1605,0,103,-3.920818754,360,360,1851,1.85,175.2,2,1
2023/8/10,2:51,12,12,0,78,-4.259637311,250,183,674,0.007,155.7,2,0
2023/8/18,19:41,32,32,0,43,-4.431798276,303,85,456,0.009,150.6,2,0
2023/8/20,7:01,5,5,0,60,-4.431798276,285,26,380,0.0025,146.3,2,0
2023/8/30,23:25,142,142,0,11,,143,263,422,0.00115,138.6,2,0
2023/8/31,4:30,38,38,0,48,,296,112,750,0.00135,139.9,2,0
2023/9/1,3:55,135,135,0,73,-2.552841969,360,360,1339,0.85868323,159.6,2,1
2023/9/3,9:20,90,90,0,95,-3.22184875,305,249,1349,0.004,130.5,2,0
2023/9/3,7:18,85,0,85,63,-3.22184875,360,360,1000,0.0098,130.5,4,0
2023/9/5,20:29,91,91,0,134,,360,360,969,0.0006,142.9,2,0
2023/9/8,11:34,22,22,0,163,,360,360,1001,0.0081,160.9,2,0
2023/9/19,9:53,9,9,0,-51,-3.744727495,141,125,418,0.0091,166.1,2,0
2023/9/19,20:26,9,9,0,-45,-3.397940009,146,114,483,0.0072,166.1,2,0
2023/9/19,22:47,13,13,0,-41,-4.013228266,81,89,383,0.0111,166.1,2,0
2023/9/21,13:52,10,10,0,-22,-3.060480747,184,84,593,0.0018,168.1,2,0
2023/10/17,5:32,11,11,0,32,-4.657577319,206,205,610,0.002,137.3,2,0
2023/10/26,23:20,17,17,0,-86,-3.853871964,360,360,1238,0.006,126.4,2,0
2023/11/28,19:42,24,24,0,0,-3.008773924,360,360,741,0.001,254.6,2,0
2023/12/14,17:36,264,264,0,53,-2.552841969,360,360,948,0.00033,155.1,2,0
2023/12/14,19:00,68,0,68,86,-2.552841969,242,236,1182,0.0093,155.1,4,0
2023/12/14,19:10,305,305,100,53,-2.301029996,360,360,948,0.33,314.6,2+4,1
2023/12/15,6:00,52,0,52,94,,143,65,1190,0.008,144.3,4,0
2023/12/31,21:57,173,173,0,-73,-2.301029996,360,360,2852,0.00033,146.2,2,0
2024/1/2,0:15,3380,3380,0,-73,-3.167491087,360,360,2852,0.33,228.3,2,1
2024/1/10,19:21,29,29,0,50,-4.187086643,276,192,736,0.006,186,2,0
2024/1/14,12:00,18,18,0,89,-4.017728767,254,215,883,0.006,187.9,2,0
2024/1/20,9:13,11,11,0,-17,-4.455931956,360,360,850,0.005,166.3,2,0
2024/1/29,4:27,60,60,0,70,-3.167491087,360,360,1554,0.004,140.3,2,0
2024/1/29,4:55,790,790,0,70,-2.48148606,360,360,1554,4,250.9,2,1
2024/2/6,12:43,83,83,0,11.0059453,,360,360,980,0.00065,190.3,2,0
2024/2/6,21:20,78,0,78,63,,360,360,967,0.0075,190.3,4,0
2024/2/6,2:30,210,0,210,8,,360,360,1435,0.006,190.3,4,0
2024/2/7,3:31,8,8,0,78,-3.292429824,360,360,1452,0.0085,188.4,2,0
2024/2/8,2:24,14,0,14,62,,226,267,868,0.014,185,4,0
2024/2/8,19:25,28,0,28,73,,218,71,834,0.0121,185,4,0
2024/2/9,13:17,133,133,0,111,-2.48148606,360,360,2782,0.0006,183.4,2,0
2024/2/9,14:00,595,595,0,98,-3.168683297,360,360,2782,0.6,153.2,2,1
2024/2/10,3:52,85,85,0,-83,-3.468521083,360,360,1418,0.0012,193.8,2,0
2024/2/10,7:04,11,11,0,-3,-4.091514981,197,206,805,0.004,193.8,2,0
2024/2/10,23:17,18,18,0,12,-3.045757491,360,360,817,0.0075,193.8,2,0
2024/2/12,6:38,142,142,0,135,,360,360,2792,0.00025,208.3,2,0
2024/2/12,7:35,1360,1360,0,135,-3.168683297,360,360,2792,0.25,154.2,2,1
2024/2/14,4:16,112,112,0,90,,360,360,2191,0.00095,184.1,2,0
2024/2/15,9:37,63,63,0,11.0059453,,360,360,1751,0.0027,178.3,2,0
2024/2/16,7:07,2,2,0,86,-2.602059991,215,128,615,0.012,168.8,2,0
2024/2/17,14:05,7,7,0,-90,,360,360,1234,0.008,169.9,2,0
2024/2/17,14:43,122,122,0,-90,,360,360,1744,0.00045,169.9,2,0
2024/2/20,0:08,47,47,0,90,,282,145,781,0.0045,152.6,2,0
2024/3/8,3:50,25,25,0,90,,317,168,514,0.0038,129,2,0
2024/3/15,5:40,1495,1495,0,98,-2.958607315,360,360,1007,0.85868323,189.3,2,1
2024/3/21,18:47,13,13,0,-28,-4.236572006,22,180,670,0.0045,196.9,2,0
2024/3/23,1:26,1514,1514,0,-8,-2.958607315,360,360,1470,0.00008,210.7,2,0
2024/3/23,4:00,860,860,0,-8,-2.657577319,360,360,1470,0.08,189.5,2,1
2024/4/21,21:56,27,27,0,37,-3.468521083,207,156,708,0.004,217.1,2,0
2024/4/23,18:00,60,60,0,59,-3.537602002,243,173,596,0.0056,219.1,2,0
2024/5/3,2:25,3,3,0,-7,-2.958607315,360,360,808,0.0025,156,2,0
2024/5/8,5:21,4,4,0,11,-3,360,360,530,0.0093,227.1,2,0
2024/5/8,12:11,20,20,0,17,-3.060480747,360,360,677,0.0025,227.1,2,0
2024/5/8,21:44,35,35,0,17,-2.958607315,360,360,952,0.0013,227.1,2,0
2024/5/9,9:20,4,4,0,26,-2.657577319,360,360,1280,0.0017,233.2,2,0
2024/5/9,11:59,4,4,0,40,-2.657577319,294,53,561,0.0022,233.2,2,0
2024/5/9,18:02,15,15,0,28,-3.508638306,360,360,1024,0.00065,233.2,2,0
2024/5/9,2:00,30,0,30,7,-2.958607315,216,37,983,0.0101,233.2,4,0
2024/5/9,20:10,66,0,66,-24,-2.958607315,302,46,552,0.0095,233.2,4,0
2024/5/9,11:00,1845,1845,36,26,-2.236572006,360,360,1280,1.7,144.2,2+4,1
2024/5/10,6:55,2,2,0,34,-2.408935393,360,360,953,0.0018,223.4,2,0
2024/5/10,7:12,162,0,162,34,-2.408935393,360,360,953,0.0078,223.4,4,0
2024/5/11,1:33,296,296,0,45,-2.236572006,360,360,1614,0.00021,213.7,2,0
2024/5/11,1:45,130,0,130,45,-2.236572006,360,360,1614,0.0059,213.7,4,0
2024/5/11,1:45,445,445,132,45,-3.180456064,360,360,1614,0.21,164.8,2+4,1
2024/5/13,9:32,161,161,0,81,-3.180456064,360,360,1690,0.00064,215.4,2,0
2024/5/13,9:55,28,0,28,81,-3.180456064,360,360,1690,0.0085,215.4,4,0
2024/5/13,11:30,1070,1070,521,81,-3.013228266,360,360,1690,0.64,154,2+4,1
2024/5/14,2:12,67,67,0,88,-2.769551079,274,172,805,0.00023,219.8,2,0
2024/5/14,12:56,10,10,0,92,-2.769551079,266,78,749,0.0021,219.8,2,0
2024/5/14,17:00,400,400,0,96,-2.920818754,360,360,2010,0.00023,219.8,2,0
2024/5/14,18:07,78,78,0,-72,-2.060480747,360,360,1407,0.0028,219.8,2,0
2024/5/14,2:51,20,0,20,88,-3.346787486,271,51,805,0.0114,219.8,4,0
2024/5/15,8:33,12,12,0,98,-2.455931956,360,360,1648,0.0038,216,2,0
2024/5/15,10:37,61,61,0,-34,,356,86,556,0.0018,216,2,0
2024/5/15,11:43,15,15,0,90,,254,114,993,0.0038,216,2,0
2024/5/15,8:50,47,0,47,98,-3.443697499,360,360,1648,0.0081,216,4,0
2024/5/16,14:03,30,0,30,11.0059453,,360,258,1102,0.0104,207.2,4,0
2024/5/17,22:05,40,40,0,-67,-3.13667714,92,260,1098,0.0045,204.1,2,0
2024/5/20,5:38,43,43,0,171,,360,360,1459,0.0013,199.7,2,0
2024/5/27,7:24,11,11,0,-90,-2.552841969,360,360,1292,0.0074,170,2,0
2024/6/1,20:26,92,92,0,-18,-3.13667714,360,360,946,0.0015,226.9,2,0
2024/6/8,1:43,217,217,0,53,-3.48148606,360,360,1427,0.0006,190.4,2,0
2024/6/8,2:00,360,360,0,53,-3.168683297,360,360,1427,1.8,207.1,2,1
2024/6/21,23:49,48,48,0,-90,,66,268,1388,0.0018,196.9,2,0
2024/7/4,14:36,60,60,0,73,-4,245,131,305,0.0052,173,2,0
2024/7/16,13:44,123,123,0,85,-2.721246399,278,236,580,0.0014,241.9,2,0
2024/7/16,22:36,42,42,0,10,-3.040958608,360,360,402,0.004,241.9,2,0
2024/7/21,16:31,46,46,0,-21,-4,360,360,601,0.00034,197.9,2,0
2024/7/23,14:18,52,52,0,-77,-3.619788758,360,360,1031,0.0047,175.5,2,0
2024/7/23,0:55,585,585,0,165,-3.168683297,360,360,885,0.85868323,223.6,2,1
2024/7/26,21:08,11,11,0,7,,147,198,540,0.0025,176.3,2,0
2024/7/27,5:53,614,614,0,11.0059453,,360,360,1426,0.003,203.6,2,0
2024/7/28,10:51,69,69,0,40,-3.113509275,289,50,918,0.00065,214.4,2,0
2024/7/28,22:22,120,120,0,25,-3.769551079,197,188,612,0.001,214.4,2,0
2024/7/29,18:10,305,305,0,56,-3.795880017,360,360,956,0.0004,223.1,2,0
2024/8/1,12:15,268,268,0,80,-3.387216143,130,123,1803,0.0008,234.4,2,0
2024/8/2,10:55,155,155,0,90,,269,203,1141,0.0005,247.1,2,0
2024/8/2,9:45,61,0,61,26,-3.13667714,360,360,1280,0.0098,247.1,4,0
2024/8/4,15:45,226,226,0,-69,-3.657577319,102,137,701,0.0028,240.8,2,0
2024/8/5,6:10,79,79,0,-62,-3.214670165,173,45,973,0.0015,247.3,2,0
2024/8/5,15:51,3,3,0,-55,-2.958607315,97,160,502,0.0125,247.3,2,0
2024/8/7,14:05,16,16,0,-9,-3.26760624,360,360,658,0.005,303.2,2,0
2024/8/8,20:13,18,18,0,23,-2.886056648,360,360,789,0.008,336,2,0
2024/8/9,21:25,33,33,0,40,-3.346787486,360,360,638,0.0021,305.5,2,0
2024/8/14,18:15,415,415,0,-5,-2.958607315,360,360,570,0.00055,248.2,2,0
2024/9/9,3:20,330,330,0,94,-4,266,211,836,0.00023,214.8,2,0
2024/9/9,5:30,16,16,0,-90,,360,360,1522,0.0055,214.8,2,0
2024/9/9,6:05,1005,1005,0,-113,-2.346787486,360,360,1522,5.5,168.1,2,1
2024/9/14,15:34,1026,1026,0,-56,-2.346787486,360,360,2366,0.00017,172.4,2,0
2024/9/14,17:10,3940,3940,0,-56,-2.744727495,360,360,2366,0.17,160.9,2,1
2024/9/22,21:37,498,498,0,-63,-3.431798276,360,360,1256,0.0002,162.8,2,0
2024/10/7,21:20,78,0,78,63,,360,360,967,0.0075,277,4,0
2024/10/9,2:30,210,0,210,8,-2.744727495,360,360,1435,0.006,220.3,4,0
2024/10/9,2:45,2190,0,2190,8,-3.022276395,360,360,1435,0.85868323,160.7,4,1
2024/10/26,12:35,2955,2955,0,-56,-3.168683297,360,360,1914,0.85868323,160.2,2,1
2024/11/21,18:25,570,570,0,133,-4.119186408,360,360,1436,0.85868323,166.5,2,1
2025/1/4,20:25,1181.871658,1181.871658,0,58,-3.168683297,253,190,1442,0.85868323,159.2,2,1
2025/2/24,23:10,210,210,0,90,-3.168683297,360,360,1058,0.85868323,164,2,1
